timestamp,open,high,low,close,volume,sma_20,sma_50,rsi,macd,macd_signal,target_direction,target_price
2024-02-26 00:00:00+05:00,720.4262187022506,751.061627179301,720.4262187022506,725.0017700195312,352438,721.405062866211,747.2033349609375,44.528801489365605,-10.227411040470088,-12.04802634227351,1,727.6897583007812
2024-02-27 00:00:00+05:00,724.3791818014685,734.7556912270011,721.4144648227449,727.6897583007812,224226,721.2019805908203,745.9978796386719,43.3124239303436,-8.60760753221507,-11.359942580261823,1,751.9312744140625
2024-02-28 00:00:00+05:00,724.3791670283096,760.8155331283451,724.3791670283096,751.9312744140625,288583,722.5667388916015,745.5604846191407,51.67107961573931,-5.306642158793807,-10.14928249596822,0,743.53125
2024-02-29 00:00:00+05:00,746.1204313070972,770.8264058536898,740.190997415915,743.53125,268473,723.476416015625,745.2616418457031,51.612120897478924,-3.3300285897560116,-8.78543171472578,0,738.28369140625
2024-03-01 00:00:00+05:00,746.1204191668379,749.0851360641896,735.269574624073,738.28369140625,170588,724.4616882324219,744.7447937011718,58.58777878852041,-2.1620593441167557,-7.460757240603975,1,754.89599609375
2024-03-04 00:00:00+05:00,747.1086681139492,755.9929268842683,739.914259394612,754.89599609375,181396,725.5699981689453,744.7370849609375,62.652885201616,0.10285322334004832,-5.948035147815171,0,754.757568359375
2024-03-05 00:00:00+05:00,758.9674757270691,762.9204313298143,747.1283929983884,754.757568359375,167621,726.2741180419922,744.7266076660156,60.76279239300676,1.8651425868578144,-4.385399600880573,0,749.8560180664062
2024-03-06 00:00:00+05:00,756.0028356997815,758.9675527025257,748.1562156198255,749.8560180664062,100091,726.4450866699219,745.0270324707031,61.608325136389354,2.833591579498375,-2.9416013648047836,0,744.0352172851562
2024-03-07 00:00:00+05:00,755.8841923222947,755.8841923222947,739.222498555069,744.0352172851562,204927,726.3250152587891,744.8635778808593,67.76115283371526,3.0957188865729677,-1.7341373145292336,1,749.0653686523438
2024-03-08 00:00:00+05:00,744.0352659822676,759.9557815991698,743.1557188069905,749.0653686523438,93203,726.8670623779296,744.3619482421875,67.2720433546713,3.667076072272266,-0.6538946371689338,1,754.0855712890625
2024-03-11 00:00:00+05:00,755.0145182661139,764.8969072486547,747.1184991198344,754.0855712890625,388908,728.9023376464844,743.8891735839844,74.02811946166699,4.47340255548113,0.37156480136107883,0,749.7868041992188
2024-03-12 00:00:00+05:00,759.9458693585048,759.9458693585048,746.1204159377928,749.7868041992188,143115,730.6811676025391,742.8619982910157,64.99954789428253,4.71123929093676,1.239499699276215,0,746.071044921875
2024-03-13 00:00:00+05:00,755.004703765345,755.004703765345,744.1439668089055,746.071044921875,93099,731.8976898193359,741.9692236328125,68.47401711859303,4.547475431452199,1.901094845711412,1,756.1015625
2024-03-14 00:00:00+05:00,702.1734185040435,759.9557183585235,702.1734185040435,756.1015625,165575,733.9660705566406,741.2114416503906,67.84876238355581,5.1675025798950855,2.554376392548147,1,765.9840087890625
2024-03-15 00:00:00+05:00,759.9557751417841,770.6781439411086,752.0597553473241,765.9840087890625,358248,737.5064361572265,740.8301782226563,69.32613692555046,6.382733211222671,3.320047756283052,0,752.7910766601562
2024-03-18 00:00:00+05:00,765.6282919333299,769.7295080105574,748.9468123799843,752.7910766601562,83479,740.0328704833985,740.2767651367187,60.77005105600238,6.209671647578148,3.8979725345420713,1,753.927490234375
2024-03-19 00:00:00+05:00,759.8371396277118,759.8371396277118,750.1425183118503,753.927490234375,104882,743.1463165283203,739.804189453125,51.06831939437728,6.093970688847662,4.33717216540319,0,753.3345336914062
2024-03-20 00:00:00+05:00,759.9557466686277,760.7167099557806,748.946750374671,753.3345336914062,47462,744.9538024902344,739.3567138671875,55.72482679420108,5.886573453493156,4.647052423021183,0,742.2366333007812
2024-03-21 00:00:00+05:00,757.9792724913699,758.167040304028,736.257799733772,742.2366333007812,272994,746.6679016113281,738.7696997070312,52.160759290113916,4.771696688610064,4.671981276138959,0,738.5603637695312
2024-03-22 00:00:00+05:00,747.9980941059601,753.0281966424286,736.277534181099,738.5603637695312,47870,747.5963500976562,737.929697265625,39.599788298766086,3.550575765612166,4.447700174033601,1,741.9896240234375
2024-03-26 00:00:00+05:00,740.5863415118521,745.1322168511235,734.261587692818,741.9896240234375,46839,748.4457427978516,737.1936572265626,42.19810597358269,2.8269539143942666,4.123550922105735,1,751.4371337890625
2024-03-27 00:00:00+05:00,743.2050864887514,754.0263149994549,743.2050864887514,751.4371337890625,55438,749.6331115722656,736.8074536132813,50.915295343070575,2.9814452212176548,3.895129781928119,1,760.657470703125
2024-03-28 00:00:00+05:00,752.0498872049791,763.0193160977285,752.0498872049791,760.657470703125,89014,750.0694213867188,736.7531005859375,59.25809840122654,3.8040342869877577,3.8769106829400473,0,755.9830322265625
2024-03-29 00:00:00+05:00,760.9440111854439,769.8183778844797,751.0715134703157,755.9830322265625,54348,750.6920104980469,736.7928271484375,53.86825958182564,4.032272402643343,3.9079830268807068,0,747.7510375976562
2024-04-01 00:00:00+05:00,747.2074579126119,762.9204815957211,744.4601849527008,747.7510375976562,74041,751.1653778076172,736.9019287109375,46.580640995144336,3.508456284652766,3.8280776784351187,1,753.225830078125
2024-04-02 00:00:00+05:00,751.0516923755638,755.706319435321,742.6813376173495,753.225830078125,62737,751.0818695068359,737.1533374023437,51.83310050186189,3.4948122158981505,3.7614245859277253,1,789.2669067382812
2024-04-03 00:00:00+05:00,753.0380927525621,790.5417736086241,748.1067899586675,789.2669067382812,316381,752.8073364257813,738.1022436523438,67.12370463030396,6.319367141007092,4.273013096943599,0,781.776123046875
2024-04-04 00:00:00+05:00,791.8758966492138,795.522500962755,777.249971549384,781.776123046875,110907,754.4033416748047,739.0857397460937,60.387064147872174,7.862766549786556,4.99096378751219,1,790.2354125976562
2024-04-08 00:00:00+05:00,782.6852525039114,791.5794031005468,773.8306097512485,790.2354125976562,116878,756.7133514404297,740.0635046386719,59.925598293736854,9.657193554450373,5.924209740899827,0,787.21142578125
2024-04-09 00:00:00+05:00,790.5911862134627,801.4618150238979,784.9977801106236,787.21142578125,108312,758.620654296875,740.9906713867188,65.36663761969615,10.71180045247138,6.881727883214138,1,790.2156372070312
2024-04-15 00:00:00+05:00,780.2640635808356,794.5441287037132,779.572284241137,790.2156372070312,138491,760.4271575927735,742.0955224609374,65.93475099447298,11.655639811638935,7.836510268899097,1,790.620849609375
2024-04-16 00:00:00+05:00,790.5911734880557,802.4500410903765,786.1440981371854,790.620849609375,256560,762.4688598632813,743.2729113769532,66.40010523574686,12.294611925001163,8.72813060011951,1,794.6923828125
2024-04-17 00:00:00+05:00,790.620843127801,799.4853176355506,787.9229097546134,794.6923828125,134742,764.8999267578125,744.6740368652344,74.59231471386917,12.979916236004328,9.578487727296475,0,782.4580078125
2024-04-18 00:00:00+05:00,796.2933537325947,796.2933537325947,776.9041094899619,782.4580078125,146719,766.2177490234375,745.8164428710937,69.05134137290003,12.39295475618053,10.141381133073287,0,779.2462158203125
2024-04-19 00:00:00+05:00,787.6264630262514,787.6264630262514,777.744073276863,779.2462158203125,53963,766.880859375,747.0298022460937,66.1997390683104,11.535643070261699,10.420233520510969,1,796.777587890625
2024-04-22 00:00:00+05:00,779.2264535535986,804.4265481200118,779.2264535535986,796.777587890625,187168,769.0801849365234,748.3107580566407,68.41981805774861,12.131013816871473,10.76238957978307,1,816.47314453125
2024-04-23 00:00:00+05:00,796.5205976198661,825.0807275423447,796.5205976198661,816.47314453125,383432,772.2074676513672,749.8267175292968,70.8968552481845,14.030382722819354,11.415988208390328,1,849.7866821289062
2024-04-24 00:00:00+05:00,815.2971192599521,864.7090658817674,815.2971192599521,849.7866821289062,659963,777.0300750732422,751.8937182617187,78.91791444967153,18.01609204184706,12.736008975081674,0,837.5424194335938
2024-04-25 00:00:00+05:00,833.0854520264297,863.691183986641,833.0854520264297,837.5424194335938,232047,781.7953643798828,753.7158337402344,77.01276142560731,19.956736882577843,14.180154556580908,1,853.6012573242188
2024-04-26 00:00:00+05:00,837.5225908294211,855.8149028494096,831.1089299034104,853.6012573242188,221777,787.5474090576172,756.0233703613281,78.38899152378818,22.530804815934403,15.850284608451608,0,836.7122802734375
2024-04-29 00:00:00+05:00,857.2973151148431,860.4596919141775,832.0972211258766,836.7122802734375,128096,792.2835418701172,758.4900146484375,65.04924552914406,22.943494573733346,17.268926601507957,0,827.79833984375
2024-04-30 00:00:00+05:00,830.110785095215,847.9089773593204,824.6853631775675,827.79833984375,252683,796.1016021728516,760.76177734375,64.4672193425296,22.294279112390086,18.273997103684383,0,826.88916015625
2024-05-02 00:00:00+05:00,828.2430426969887,844.9443051359605,822.2642090925315,826.88916015625,447573,799.4131866455078,762.8647485351562,62.09640545190786,21.459041506780522,18.911005984303614,1,838.8270874023438
2024-05-03 00:00:00+05:00,829.9131529135027,841.9795720154228,827.1658800411806,838.8270874023438,256691,803.5553894042969,765.346611328125,66.08759240172384,21.512418872367107,19.431288561916315,1,849.8855590820312
2024-05-06 00:00:00+05:00,844.9443639710892,854.7279544176837,840.0031688601472,849.8855590820312,274088,808.6621154785156,768.4407885742188,67.70883826143157,22.191240260053974,19.983278901543848,0,843.6497802734375
2024-05-07 00:00:00+05:00,849.8855661425579,859.7679564465411,840.0031758385747,843.6497802734375,182509,813.1833129882813,771.2685363769531,65.21148727056519,21.972747707156714,20.381172662666422,0,832.2058715820312
2024-05-08 00:00:00+05:00,847.8991106293164,848.689689710533,830.3282538038065,832.2058715820312,54435,815.3302612304688,774.079482421875,60.324174035505486,20.63825800278414,20.432589730689966,0,826.2764892578125
2024-05-09 00:00:00+05:00,838.0266653507388,838.0266653507388,820.5348231260622,826.2764892578125,263201,817.5552795410156,776.2613159179688,62.49294367819692,18.88452465295029,20.12297671514203,1,852.0892944335938
2024-05-10 00:00:00+05:00,834.0737167489596,863.7208867755813,831.1089997462974,852.0892944335938,560989,820.6479736328125,779.1440087890625,68.39713836919107,19.354449938151674,19.96927135974396,1,856.5264282226562
2024-05-13 00:00:00+05:00,853.8384472484462,876.5679429506617,849.8854914741479,856.5264282226562,445005,824.1137237548828,781.8747094726563,66.15884286558016,19.856020877671767,19.946621263329522,1,869.225341796875
2024-05-14 00:00:00+05:00,859.7678877930729,871.6267552109084,858.7796488415867,869.225341796875,311745,828.064208984375,784.7591809082031,64.82777456770367,21.035728868941078,20.164442784451833,1,882.5567016601562
2024-05-15 00:00:00+05:00,869.6503029853617,902.2621893473128,869.6503029853617,882.5567016601562,443988,832.661001586914,787.8565197753907,60.376769197942984,22.78374840824347,20.68830390921016,0,881.4498901367188
2024-05-16 00:00:00+05:00,883.4658759689066,891.3915719970753,876.577879137607,881.4498901367188,221413,836.998876953125,790.4468920898438,64.95858722467034,23.805342872684832,21.311711701905097,0,876.251708984375
2024-05-17 00:00:00+05:00,883.4856253697762,892.3797759607472,870.7373187291237,876.251708984375,139452,841.6885620117188,793.1013012695313,58.33332959075842,23.919781715890053,21.83332570470209,0,873.6823120117188
2024-05-20 00:00:00+05:00,879.4338699664913,888.4268203278658,860.3608098857976,873.6823120117188,264729,846.410366821289,795.8092736816407,65.20359494563054,23.531885532937054,22.173037670349085,0,871.7255859375
2024-05-21 00:00:00+05:00,873.6823401467117,878.4258752188435,864.7091132596927,871.7255859375,193024,850.1577667236328,798.1458654785156,69.16112185521865,22.80371652290296,22.29917344085986,0,865.588623046875
2024-05-22 00:00:00+05:00,855.5678656795941,874.4926655821658,855.5678656795941,865.588623046875,274529,852.6135406494141,800.3624865722657,66.14445094017164,21.483784030628044,22.1360955588135,0,862.1693115234375
2024-05-23 00:00:00+05:00,866.6756787834433,869.6305036329725,859.8172979653715,862.1693115234375,42404,853.2326721191406,802.6087524414063,60.48286429309556,19.932053847852217,21.695287216621246,1,880.0070190429688
2024-05-24 00:00:00+05:00,862.7326211422583,890.403312312915,861.5368302738626,880.0070190429688,241438,855.3559020996094,805.3281884765624,62.75097070772525,19.912115941561865,21.338652961609373,0,877.5166625976562
2024-05-27 00:00:00+05:00,881.3114663137559,887.4385597474131,876.5679315099726,877.5166625976562,109209,856.5516723632812,807.8972143554688,64.80597666479349,19.470915461605045,20.96510546160851,0,877.5166625976562
2024-05-28 00:00:00+05:00,877.5166625976562,877.5166625976562,877.5166625976562,877.5166625976562,0,858.5918914794922,810.3658361816406,72.0115470099459,18.90335479540977,20.55275532836876,0,876.0540771484375
2024-05-29 00:00:00+05:00,879.5326976812589,882.4974146397351,870.7966385039946,876.0540771484375,235912,861.0046783447266,812.891181640625,75.27852511251348,18.126588427992488,20.06752194829351,1,887.4088745117188
2024-05-30 00:00:00+05:00,882.4973560290206,896.8268203766362,870.6977809052568,887.4088745117188,598327,864.0306640625,815.7179382324218,71.02349846685945,18.217235782465877,19.697464715127985,1,888.278564453125
2024-05-31 00:00:00+05:00,887.4089093435424,892.1821204058821,881.5091517087467,888.278564453125,193496,866.5032379150391,818.3614782714844,69.73830086408445,18.150028938334003,19.38797755976919,1,890.7788696289062
2024-06-03 00:00:00+05:00,891.3816809393543,898.3092459411127,874.5915100746807,890.7788696289062,262561,868.5479034423828,820.8573754882813,65.34404201901944,18.089990610790665,19.128380169973486,1,898.0918579101562
2024-06-04 00:00:00+05:00,891.391568608435,908.191631431432,884.5134035266665,898.0918579101562,588112,871.2700073242188,823.7633911132813,62.09605061058138,18.420170580469858,18.98673825207276,1,899.1096801757812
2024-06-05 00:00:00+05:00,902.1435810021324,906.2151206665465,894.3562532205284,899.1096801757812,245445,874.6151977539063,826.6670349121093,63.769423616147655,18.550135916018007,18.89941778486181,1,904.2979736328124
2024-06-06 00:00:00+05:00,899.0899348202432,912.124809595448,896.3327697345238,904.2979736328124,273011,878.5162719726562,829.6863037109375,71.87118036120214,18.8544440083499,18.89042302955943,0,900.177001953125
2024-06-07 00:00:00+05:00,904.2287575676102,906.956306751625,882.4973924589498,900.177001953125,221783,880.9206573486329,832.8451110839844,70.17305302566292,18.549258089052614,18.822190041458065,0,891.6583862304688
2024-06-10 00:00:00+05:00,910.1680826598928,910.1779747002691,888.4268255279517,891.6583862304688,298509,882.6772552490235,835.9070715332032,63.7980671323779,17.419217062279586,18.54159544562237,0,885.89697265625
2024-06-11 00:00:00+05:00,899.2678149775968,903.2504471047824,879.5327110757728,885.89697265625,268849,883.5108367919922,838.7852185058593,64.13150764055828,15.875747744074943,18.008425905312887,0,880.0465698242188
2024-06-12 00:00:00+05:00,891.3816416383064,896.2339286647431,877.5561883665015,880.0465698242188,251016,883.3853302001953,841.3574072265625,62.032731876812235,14.018857907096276,17.210512305669567,1,945.9917602539062
2024-06-13 00:00:00+05:00,889.1186192198386,950.6760033517414,881.548674882155,945.9917602539062,1082726,886.6124237060546,845.0640930175781,76.95599747468455,17.664855614315,17.301380967398654,0,935.3088989257812
2024-06-14 00:00:00+05:00,963.5330016696898,963.5330016696898,929.9328764832596,935.3088989257812,100018,889.565283203125,848.6506103515625,72.12804741250378,19.467903562578158,17.734685486434554,1,939.8646240234376
2024-06-20 00:00:00+05:00,938.9752451752096,954.6388081172876,938.8269852085126,939.8646240234376,165345,892.874398803711,852.4928820800782,73.06763148659928,21.0221111815423,18.392170625456103,0,906.6301879882812
2024-06-21 00:00:00+05:00,946.6637587120318,946.6736507526014,904.189266660411,906.6301879882812,247404,894.61962890625,855.5609692382812,59.15926765204806,19.349046912324752,18.58354588282983,0,889.7609252929688
2024-06-24 00:00:00+05:00,894.8602721144914,906.6202795716777,886.4503488972591,889.7609252929688,130452,895.8282440185546,857.570849609375,50.68203861156931,16.472043444652627,18.161245395194392,1,893.75341796875
2024-06-25 00:00:00+05:00,889.4150346015927,902.647568314766,879.5227532881976,893.75341796875,455950,897.4074493408203,859.8103955078125,51.559336129592126,14.348754748166698,17.398747265788852,0,891.3816528320312
2024-06-26 00:00:00+05:00,893.7633425112186,902.7068930653774,889.4150669458887,891.3816528320312,133057,897.9761810302734,861.8333203125,50.17180922982285,12.332490262826468,16.385495865196376,1,892.3599853515625
2024-06-27 00:00:00+05:00,892.3698773918068,903.7445173262576,889.415052590084,892.3599853515625,111105,898.7183471679688,863.9362915039062,48.305058132042696,10.690298285695462,15.246456349296192,1,896.06591796875
2024-06-28 00:00:00+05:00,899.2974787599024,900.6810374695384,884.4837859858267,896.06591796875,81042,899.6458099365234,866.0532971191407,49.114030016632476,9.577483831072868,14.112661845651528,0,888.4169311523438
2024-07-01 00:00:00+05:00,895.3444958983104,901.2739296459812,884.4738673609137,888.4169311523438,341903,900.2639526367187,868.00921875,45.44267344008405,7.986299952996205,12.887389467120464,1,891.0457153320312
2024-07-02 00:00:00+05:00,889.4150968608577,899.1789029717827,889.4150968608577,891.0457153320312,194171,900.4457946777344,869.9362854003906,47.35699186041048,6.858337533475378,11.681579080391447,1,902.4301147460938
2024-07-03 00:00:00+05:00,898.1510836649094,906.2150866862056,889.5237169056546,902.4301147460938,103739,901.1533721923828,872.3357275390625,53.06694647632381,6.804605818636787,10.706184428040517,1,915.23779296875
2024-07-04 00:00:00+05:00,902.2523179889876,927.9564241160734,901.273971026474,915.23779296875,383353,902.376318359375,875.0555590820312,58.03170444824636,7.706658084674359,10.106279159367286,0,908.2608032226562
2024-07-05 00:00:00+05:00,920.0504869723112,920.0504869723112,901.2739464218556,908.2608032226562,124806,902.884765625,877.2852233886719,57.6759706924185,7.769000044591735,9.638823336412177,1,917.2537841796876
2024-07-08 00:00:00+05:00,905.2269323278932,926.9582984870456,905.2269323278932,917.2537841796876,171837,903.7919708251953,879.3008361816406,38.67072699474934,8.446696641730796,9.4003979974759,0,913.0142211914062
2024-07-09 00:00:00+05:00,923.9935416330164,927.7093297978112,909.1798491760176,913.0142211914062,92486,904.227783203125,880.5653869628907,40.740438424559436,8.543198106045452,9.228958019189811,0,899.7421875
2024-07-10 00:00:00+05:00,909.970436771686,918.9337715194677,897.5186498046492,899.7421875,70321,904.2060424804688,881.8093823242187,34.46115181582746,7.4627085530623845,8.875708125964326,0,895.72998046875
2024-07-11 00:00:00+05:00,907.598740758398,907.598740758398,894.8801093870862,895.72998046875,49481,904.4096221923828,882.6519567871094,44.54342521679458,6.211063942926899,8.34277928935684,0,892.616943359375
2024-07-12 00:00:00+05:00,891.2136609332312,899.1986485721823,879.641361065074,892.616943359375,65700,904.7456207275391,883.7700500488281,51.658062115762796,4.911315901270314,7.656486611739536,1,913.6071166992188
2024-07-15 00:00:00+05:00,900.9774544006624,919.062214954036,897.3209582561988,913.6071166992188,172639,906.4236480712891,885.4862255859375,59.62623515520264,5.511455156127795,7.227480320617188,0,913.6071166992188
2024-07-16 00:00:00+05:00,913.6071166992188,913.6071166992188,913.6071166992188,913.6071166992188,0,904.8044158935547,887.2205847167969,61.02988660609457,5.918841123253969,6.965752481144544,0,913.6071166992188
2024-07-17 00:00:00+05:00,913.6071166992188,913.6071166992188,913.6071166992188,913.6071166992188,0,903.7193267822265,888.7161853027344,60.64776099498553,6.170566982133437,6.806715381342324,1,916.7201538085938
2024-07-18 00:00:00+05:00,914.1210803978604,919.0622754270382,909.3083612648272,916.7201538085938,46238,902.5621032714844,890.0528771972656,60.41251400801123,6.545801689614336,6.754532642996727,1,916.789306640625
2024-07-19 00:00:00+05:00,918.0740052411152,925.9799170192948,909.179854490663,916.789306640625,120286,903.0700592041015,891.5156677246093,65.48709833252815,6.770709430627676,6.757768000522917,0,898.9713134765625
2024-07-22 00:00:00+05:00,910.1680777276862,916.7892907909064,889.3162599001577,898.9713134765625,146243,903.5305786132812,892.8509765625,53.71085969359323,5.448381745335382,6.495890749485411,0,896.97509765625
2024-07-23 00:00:00+05:00,903.7445102655932,905.167576751312,885.4719819231319,896.97509765625,130416,903.6916625976562,894.2649487304687,47.199713751998196,4.191037917969425,6.034920183182214,1,901.8767700195312
2024-07-24 00:00:00+05:00,898.2993497017842,904.1200918279555,890.4033298239283,901.8767700195312,35821,904.2164184570313,895.2606982421875,42.53532903176529,3.5491949606313256,5.537775138672036,0,892.7553100585938
2024-07-25 00:00:00+05:00,891.3915354782637,903.2504029125644,889.3656576883678,892.7553100585938,38839,904.2361846923828,895.9852758789062,41.53995345745568,2.2782420489027118,4.885868520718171,0,890.1265869140625
2024-07-26 00:00:00+05:00,893.368039727334,899.198673848058,880.6197327326153,890.1265869140625,112225,903.9392181396485,896.40330078125,34.09433489603832,1.0468196358889372,4.118058743752324,1,892.033935546875
2024-07-29 00:00:00+05:00,885.4621222315099,903.2504237941964,885.4621222315099,892.033935546875,71928,904.120068359375,896.5928454589844,37.35259640057427,0.22225359485298668,3.3388977139724565,0,884.8099365234375
2024-07-30 00:00:00+05:00,896.332776772311,899.0899418796789,883.5548536866123,884.8099365234375,48696,903.8082794189453,896.6600463867187,40.29049536134517,-1.0025801610461258,2.4706021389687405,0,860.7561645507812
2024-07-31 00:00:00+05:00,892.3699203465993,892.3699203465993,851.9608133693154,860.7561645507812,99298,901.7245819091797,896.3501354980468,31.960466160310133,-3.869601749258095,1.2025613613233732,1,870.381591796875
2024-08-01 00:00:00+05:00,879.3054187611701,879.3054187611701,842.2365648767984,870.381591796875,108380,899.4817718505859,896.28412109375,39.25298600278009,-5.303905358576117,-0.09873198265652472,1,875.6785278320312
2024-08-02 00:00:00+05:00,869.6502942375399,879.5326839447847,861.764166552701,875.6785278320312,75702,897.8526580810546,896.3631799316406,28.389681386016036,-5.944656532774843,-1.2679168926801885,0,859.4615478515625
2024-08-05 00:00:00+05:00,889.3952843860636,889.4150684669052,851.0714086897958,859.4615478515625,77775,894.9630462646485,896.2406384277343,23.96164577522954,-7.672586408064603,-2.5488507957570716,0,845.359375
2024-08-06 00:00:00+05:00,857.7914383104459,868.6620671369608,841.2681114464573,845.359375,75301,891.5803039550781,895.9044396972656,21.099807240898215,-10.063900396429744,-4.051860715891607,1,846.39697265625
2024-08-07 00:00:00+05:00,838.0266178197264,853.8384407974571,838.0266178197264,846.39697265625,80785,888.9130432128907,895.2322387695312,19.688140444664256,-11.73997735038904,-5.589484042791094,1,859.5900268554688
2024-08-08 00:00:00+05:00,851.8619908833903,861.7443805688124,851.8619908833903,859.5900268554688,104008,887.1060455322265,894.8737060546875,27.85091585809316,-11.86691676736666,-6.844970587706207,1,869.11669921875
2024-08-09 00:00:00+05:00,869.6503265685446,875.0856411095981,859.7679364939021,869.11669921875,188461,885.9310333251954,894.7057067871094,37.646233391523616,-11.07117274009454,-7.690211018183874,0,850.4883422851562
2024-08-12 00:00:00+05:00,869.6700948492252,879.5327006629818,847.9189450393613,850.4883422851562,75059,882.7750946044922,894.1943920898437,33.09131951551652,-11.807582129497405,-8.51368524044658,1,858.2262573242188
2024-08-13 00:00:00+05:00,850.8737569421305,860.7561466859415,841.1890270566597,858.2262573242188,47690,880.0060516357422,893.6107397460937,34.44391177205024,-11.632712136545933,-9.137490619666451,0,838.1254272460938
2024-08-15 00:00:00+05:00,844.964084191249,862.4163574644429,834.1724714561019,838.1254272460938,52423,876.231967163086,892.6076770019531,31.944090297300704,-12.966624232214599,-9.90331734217608,1,854.589599609375
2024-08-16 00:00:00+05:00,840.003181766979,865.5887049207215,840.003181766979,854.589599609375,53771,873.125439453125,891.8838916015625,39.23873153219225,-12.550562987793342,-10.432766471299534,0,842.9876098632812
2024-08-19 00:00:00+05:00,854.8266932028608,859.6591961527307,840.596028171747,842.9876098632812,40874,869.4353546142578,890.781806640625,35.97152319152539,-13.007077571051468,-10.947628691249921,0,839.52880859375
2024-08-20 00:00:00+05:00,845.4878583562408,845.9325779665332,829.1424071270577,839.52880859375,38419,866.4632293701172,889.5901892089844,36.763362494094345,-13.492432658398002,-11.456589484679538,1,839.8746337890625
2024-08-21 00:00:00+05:00,841.9795875834064,844.7466445871182,835.259574769444,839.8746337890625,31554,863.6082061767578,888.3017224121094,42.91367107642406,-13.691349504318168,-11.903541488607264,1,851.6741943359375
2024-08-22 00:00:00+05:00,846.8910913499277,854.8167869118098,840.0129869639875,851.6741943359375,56525,861.0980773925781,887.3316662597656,43.74379997273009,-12.749893775823125,-12.072811946050436,0,839.963623046875
2024-08-23 00:00:00+05:00,845.9325647568586,853.8384765770161,837.0384139591813,839.963623046875,29739,858.4584930419921,886.2977709960937,38.54737231897543,-12.801164703613267,-12.218482497563002,0,830.0811767578125
2024-08-26 00:00:00+05:00,840.003073702369,846.9207460740356,828.1738828991311,830.0811767578125,24791,855.4562225341797,885.181455078125,40.17969857381955,-13.48379530880311,-12.471545059811024,0,824.675537109375
2024-08-27 00:00:00+05:00,838.0167633448744,838.0167633448744,823.2030706793394,824.675537109375,30752,852.0883026123047,884.0740344238282,42.65975797934325,-14.296177489282286,-12.836471545705276,0,820.337158203125
2024-08-28 00:00:00+05:00,820.2383584314472,824.9818935010805,817.2736414732613,820.337158203125,40694,848.8646636962891,881.5609423828125,40.96364071961729,-15.11582136121865,-13.29234150880795,0,819.9320068359375
2024-08-29 00:00:00+05:00,820.2383585089528,826.7113118048063,819.2501195227975,819.9320068359375,14635,846.8234558105469,879.2534045410156,34.91015396934732,-15.618052180645691,-13.757483643175501,1,820.02099609375
2024-08-30 00:00:00+05:00,820.2383797240126,825.179574782591,818.7659132473278,820.02099609375,19073,844.3054260253906,876.8565319824219,29.873634737736538,-15.826455506574803,-14.17127801585536,0,817.896240234375
2024-09-02 00:00:00+05:00,830.1108596763396,830.1108596763396,816.8289252361745,817.896240234375,19952,841.4163116455078,875.0818530273438,34.54838394179424,-15.978872192234803,-14.53279685113125,0,817.7084350585938
2024-09-03 00:00:00+05:00,820.2383243450859,820.2383243450859,811.35406588036,817.7084350585938,13039,839.3286560058593,873.6408032226562,29.309678489101998,-15.931173174312903,-14.812472115767582,1,832.0082397460938
2024-09-04 00:00:00+05:00,825.1597509627921,835.0421406040331,815.3959451718605,832.0082397460938,126252,838.661099243164,872.4058996582031,46.67955213180015,-14.571525157572864,-14.76428272412864,0,831.5240478515625
2024-09-05 00:00:00+05:00,835.0619603832197,835.0619603832197,822.9066326683248,831.5240478515625,52801,837.9174530029297,871.2087475585937,34.85198552483689,-13.378841590088768,-14.487194497320667,1,832.7691650390625
2024-09-06 00:00:00+05:00,834.9828105668896,839.0148422453271,829.1423450951193,832.7691650390625,36093,836.5764099121094,870.0169311523438,42.23251377250066,-12.1926118787826,-14.028277973613054,1,843.4817504882812
2024-09-09 00:00:00+05:00,838.0266520366886,849.885519754189,831.1484870463031,843.4817504882812,32658,835.2946624755859,868.9652478027343,52.70635174674916,-10.269717261396636,-13.276565831169771,1,865.7566528320312
2024-09-10 00:00:00+05:00,835.506671626339,878.5345758182686,835.506671626339,865.7566528320312,179821,836.0580780029297,868.5120422363282,63.627867694461386,-6.869226792873178,-11.995098023510453,1,868.6422729492188
2024-09-11 00:00:00+05:00,874.7891507246096,877.5562077847914,860.7759293293678,868.6422729492188,289411,836.5788787841797,868.0639733886719,59.85989273480841,-3.896551153851192,-10.375388649578602,0,848.47265625
2024-09-12 00:00:00+05:00,857.4964049352259,874.0961708842215,842.8798857762922,848.47265625,274866,837.096240234375,866.98482421875,54.501895541763275,-3.132098909497131,-8.926730701562308,0,844.5458374023438
2024-09-13 00:00:00+05:00,860.6101491074137,864.6956328058235,842.9394122842259,844.5458374023438,219058,836.5940521240234,865.5709851074218,58.16756766816493,-2.8107261599216145,-7.7035297932341695,0,838.7646484375
2024-09-16 00:00:00+05:00,848.6213876866304,848.8296503941363,834.1040667668316,838.7646484375,90724,836.3829040527344,864.1810620117187,57.92191337221833,-2.9880847930915024,-6.760440793205636,0,838.7646484375
2024-09-17 00:00:00+05:00,838.7646484375,838.7646484375,838.7646484375,838.7646484375,0,836.3446960449219,862.611279296875,60.89268370823731,-3.0929887388161887,-6.0269503823277475,1,848.2743530273438
2024-09-18 00:00:00+05:00,839.905048821204,852.8160053029602,839.905048821204,848.2743530273438,128004,836.764682006836,861.3164819335938,65.12542059301579,-2.381321791817413,-5.297824664225681,1,859.24169921875
2024-09-19 00:00:00+05:00,849.8113507471949,876.3967723955465,847.838029811923,859.24169921875,218039,837.1430572509765,860.5064721679687,68.75342182708347,-0.9217223873977218,-4.422604208860089,1,883.7943115234375
2024-09-20 00:00:00+05:00,872.1228843369154,892.6594274448826,853.4903017995435,883.7943115234375,796606,839.3345916748046,860.2677587890626,75.94467118176173,2.1909553057539597,-3.0998923059372796,0,879.7285766601562
2024-09-23 00:00:00+05:00,879.569943548877,887.502930638382,873.1243915386541,879.7285766601562,70106,841.8169616699219,860.0099914550781,73.69437474933076,4.2803626226253755,-1.6238413202247486,0,877.7255249023438
2024-09-24 00:00:00+05:00,886.5013675238358,886.5013675238358,867.6704493973093,877.7255249023438,239434,844.4694610595703,859.2923596191406,69.27722502174707,5.708795991372881,-0.15731385790522268,1,888.6829833984375
2024-09-25 00:00:00+05:00,891.419873685143,891.4694427507072,869.5446637511702,888.6829833984375,225962,847.886752319336,858.793876953125,72.14574079259017,7.636980693169676,1.401545052309757,0,883.3579711914062
2024-09-26 00:00:00+05:00,892.4610668100015,895.3268729836027,877.6858538277023,883.3579711914062,257603,851.0580505371094,858.1888940429687,68.999541084407,8.63584829551894,2.8484057009515937,1,888.3656616210938
2024-09-27 00:00:00+05:00,882.5448370322417,891.9652594500017,875.762106260943,888.3656616210938,178960,854.4752838134766,857.6218041992188,67.61165076445567,9.719496527699107,4.222623866301097,0,876.6347045898438
2024-09-30 00:00:00+05:00,892.3618972786029,892.3618972786029,872.6285679528415,876.6347045898438,265961,857.41220703125,856.8187121582031,54.65340092574026,9.521942342125612,5.2824875614660005,1,881.9696655273438
2024-10-01 00:00:00+05:00,878.5783304535461,892.4610580227894,876.5950836579399,881.9696655273438,274590,860.6252685546875,856.4786791992187,55.584158253790775,9.684232187848693,6.162836486742539,1,887.6119995117188
2024-10-02 00:00:00+05:00,891.4000081304222,891.4000081304222,863.8130381137913,887.6119995117188,320925,863.4054565429688,856.2914172363281,68.6724829846202,10.151121448204776,6.960493479034987,1,893.3634033203125
2024-10-03 00:00:00+05:00,890.943839823245,898.4107930153357,882.5448187457491,893.3634033203125,884628,866.4974243164063,856.1211499023437,72.89121971909833,10.860037024973053,7.7404021882226015,1,924.4309692382812
2024-10-04 00:00:00+05:00,898.2521483446595,936.0924698601922,892.461041180268,924.4309692382812,835312,871.0805145263672,856.7546630859375,82.47006790792062,13.770018452934664,8.946325441165014,0,918.0350341796876
2024-10-07 00:00:00+05:00,925.1846609041067,933.1176483502298,914.3858672173378,918.0350341796876,183827,874.8081787109375,857.31283203125,78.65641410352595,15.382778103182886,10.23361597356859,0,897.2605590820312
2024-10-08 00:00:00+05:00,918.2432839508722,927.1678947020146,888.4945814470642,897.2605590820312,666169,876.3833740234375,857.4173645019531,66.37496317321606,14.813810834439664,11.149654945742805,0,897.2605590820312
2024-10-09 00:00:00+05:00,897.2605590820312,897.2605590820312,897.2605590820312,897.2605590820312,0,877.8142883300782,857.666376953125,63.71440787715222,14.199220400701392,11.759568036734525,0,866.4705810546875
2024-10-10 00:00:00+05:00,881.5531946207699,881.6622586680493,863.7039735823291,866.4705810546875,398049,878.7141845703125,857.7806652832031,44.01997163283142,11.099708618232853,11.62759615303419,0,838.040771484375
2024-10-11 00:00:00+05:00,869.3463298034478,869.356255721371,820.0725601356478,838.040771484375,980211,878.3889312744141,857.1338488769532,37.681682704221366,6.27691875321716,10.557460673070784,0,837.5053100585938
2024-10-14 00:00:00+05:00,838.9034724253211,843.3757036535023,823.6920033274648,837.5053100585938,381088,878.3259643554687,856.3703845214844,38.01136119684082,2.3841329759691234,8.922795133650451,0,837.108642578125
2024-10-15 00:00:00+05:00,837.9317069547083,844.7243031003027,828.6004967778316,837.108642578125,231507,878.2431640625,855.9233264160156,33.59409523025511,-0.7245830072224635,6.993319505475869,0,833.4990844726562
2024-10-16 00:00:00+05:00,839.9049932225516,846.8067136567579,832.1703430520802,833.4990844726562,74381,877.5044006347656,855.6861206054688,33.96477970828779,-3.4398712986808277,4.90668134464453,1,833.5784301757812
2024-10-17 00:00:00+05:00,837.9217453664556,847.8379790394314,830.9803817953725,833.5784301757812,51916,876.2212371826172,855.4297497558593,31.80291126173867,-5.521703535913957,2.8210043685328325,0,830.7225952148438
2024-10-18 00:00:00+05:00,837.8226528042073,839.8951118611931,826.0223098820504,830.7225952148438,50103,873.5676513671875,854.8524011230469,33.79534444457849,-7.31765917694463,0.7932716594373401,1,837.3961791992188
2024-10-21 00:00:00+05:00,835.6410469465751,839.7562477208777,831.0795430159225,837.3961791992188,39577,871.4510314941406,854.2179907226563,34.4150777824822,-8.10898912854907,-0.9871804981599419,1,859.271484375
2024-10-22 00:00:00+05:00,839.9050496336328,865.6872589494232,832.9636855870738,859.271484375,235108,870.5283294677735,854.3936535644531,41.10103664180949,-6.891528260330006,-2.168050050593955,0,856.365966796875
2024-10-23 00:00:00+05:00,864.685701869788,872.6286151987721,843.8715358342671,856.365966796875,210643,868.9124786376954,854.3564477539062,38.17134596636274,-6.090920398181652,-2.952624120111494,1,882.58447265625
2024-10-24 00:00:00+05:00,856.4056511065056,884.5280763165772,856.3659474350587,882.58447265625,398823,868.8738037109375,855.2456286621094,36.192918487001336,-3.3027465869394064,-3.022648613477077,1,901.7625122070312
2024-10-25 00:00:00+05:00,899.3925177030677,913.1860333944284,889.4862094025739,901.7625122070312,554860,869.5436462402344,856.1890869140625,45.04858941563067,0.44923031295013516,-2.3282728281916345,1,908.3865356445312
2024-10-28 00:00:00+05:00,907.3354172542416,937.074193541408,894.4443129653835,908.3865356445312,277842,871.1312377929687,857.4970654296875,53.70442023531018,3.912106046476538,-1.080197053258,1,911.0341186523438
2024-10-29 00:00:00+05:00,902.3772660065404,932.1259670836788,902.3772660065404,911.0341186523438,289848,872.5844604492188,858.9271716308593,54.506488163943466,6.791806122694993,0.4942035819325985,0,893.1849365234375
2024-10-30 00:00:00+05:00,913.2851624523296,921.1190116166882,882.5547625982608,893.1849365234375,199515,872.8631072998047,859.9933776855469,59.54913411828772,7.5467155154582315,1.9047059686377252,0,875.8018188476562
2024-10-31 00:00:00+05:00,897.1217224311843,900.3940676206221,870.6453649459319,875.8018188476562,238326,871.9850280761718,860.4759301757813,64.65518180728537,6.665478837470118,2.8568605424042044,1,914.6832885742188
2024-11-01 00:00:00+05:00,879.5600056601604,931.0947038113796,871.6369445961742,914.6832885742188,289426,871.4976440429688,861.9703234863281,73.08261288626673,9.000747072647187,4.085637848452801,1,950.6395874023438
2024-11-04 00:00:00+05:00,914.2767742912662,962.8167517990348,914.2767742912662,950.6395874023438,364382,873.1278717041016,864.3814916992187,77.99951168832108,13.596109305042205,5.9877321397706815,1,978.4943237304688
2024-11-05 00:00:00+05:00,965.742061229732,984.6820441123676,954.9333418733232,978.4943237304688,413402,877.1895599365234,867.4578674316406,81.93973350055205,19.26355316223851,8.642896344264248,1,993.2297973632812
2024-11-06 00:00:00+05:00,988.5989331611328,1009.4725930441542,977.7406451292104,993.2297973632812,440970,881.9880218505859,870.9157202148438,83.03514415732425,24.65980988531203,11.846279052473804,1,1007.5984497070312
2024-11-07 00:00:00+05:00,1011.455879301867,1021.3721134126696,996.581528135663,1007.5984497070312,121116,889.0444152832031,874.6690490722656,84.93478450605815,29.752840155764943,15.427591273132034,0,993.5372314453124
2024-11-08 00:00:00+05:00,1011.445947728328,1011.445947728328,991.6234055354956,993.5372314453124,65897,896.81923828125,878.1393737792969,79.96499146221785,32.28234970682854,18.798542959871337,0,985.4058837890624
2024-11-11 00:00:00+05:00,1001.5098378250284,1007.4893558685096,977.7406544156992,985.4058837890624,170978,904.2142669677735,881.4895666503907,75.55447123426976,33.2476146451196,21.68835729692099,0,981.4196166992188
2024-11-12 00:00:00+05:00,987.6569060946904,996.5616648562932,979.7239188971428,981.4196166992188,150508,911.4298156738281,884.7637902832031,75.2250505331061,33.30699333723919,24.01208450498463,1,1009.8196411132812
2024-11-13 00:00:00+05:00,985.04890853929,1014.4307140229406,980.7155192264792,1009.8196411132812,326372,920.2458435058594,888.3200183105469,75.44118892607923,35.23947724201889,26.257563052391486,1,1032.58740234375
2024-11-14 00:00:00+05:00,1021.3720837868088,1038.2296812862028,1011.6739780562796,1032.58740234375,328131,930.1962921142579,892.3412854003906,75.78875559314733,38.16817376423967,28.63968519476112,1,1036.38525390625
2024-11-15 00:00:00+05:00,1036.2364861925646,1039.211356275177,1018.3971916143208,1036.38525390625,174331,940.4794250488281,896.4136071777343,75.51595091412455,40.33073414117348,30.977894984043594,1,1049.4251708984375
2024-11-18 00:00:00+05:00,1036.2464571246917,1051.1208081838977,1028.8092815950886,1049.4251708984375,357919,951.0808746337891,900.5324755859375,76.49004525764425,42.60565961944519,33.30344791112392,0,1037.267822265625
2024-11-19 00:00:00+05:00,1001.6982363191324,1050.4167578292208,1001.6982363191324,1037.267822265625,36753,959.9806915283203,903.9626989746093,78.19388868505737,42.932657073371615,35.22928974357346,0,1019.3292846679688
2024-11-20 00:00:00+05:00,1032.2799441840073,1046.1626715793734,1013.4589516970766,1019.3292846679688,448085,968.128857421875,906.9764392089844,78.02428946382418,41.268596158277205,36.437151026514215,1,1032.4486083984375
2024-11-21 00:00:00+05:00,1001.737999352214,1035.006953266196,1001.737999352214,1032.4486083984375,68353,975.6220642089844,910.6559582519532,75.56616881459725,40.541103076137915,37.257941436438955,0,1018.2881469726562
2024-11-22 00:00:00+05:00,1031.1593990743625,1041.3632423874328,1016.4139642591672,1018.2881469726562,300360,981.4483459472656,914.1308044433594,66.22120411875281,38.37951353250617,37.4822558556524,0,990.4136352539062
2024-11-25 00:00:00+05:00,1018.3972181760804,1031.2684703682469,981.7071528669132,990.4136352539062,157170,985.5497009277344,917.1637841796875,52.85781769415968,34.02497932523045,36.79080054956801,0,940.12841796875
2024-11-26 00:00:00+05:00,990.4037371951416,990.4037371951416,917.2516585304272,940.12841796875,576284,987.0044158935547,919.1910595703125,39.122512437033414,26.214201808745884,34.67548080140359,1,987.369384765625
2024-11-27 00:00:00+05:00,951.9584903816808,1031.2883645801542,951.859352248489,987.369384765625,486464,991.7136383056641,921.9729602050782,46.348026819606744,23.564419603743772,32.453268561871624,1,1011.1286010742188
2024-11-28 00:00:00+05:00,989.6401392458988,1021.3720875984728,986.665269087845,1011.1286010742188,215710,998.4799774169921,925.0106982421875,53.06834685476804,23.11516111898618,30.585647073294535,0,1011.0096435546876
2024-11-29 00:00:00+05:00,1010.4642627796532,1022.7604173704336,1005.5061456904496,1011.0096435546876,63387,1003.2962951660156,927.5550048828125,54.5943107876694,22.49026784738726,28.966571228113082,1,1031.387451171875
2024-12-02 00:00:00+05:00,1016.4139623747388,1045.1710403346096,1011.0096028602616,1031.387451171875,176187,1007.3336883544922,930.5881823730468,58.468036478198464,23.369959847962946,27.847248952083056,1,1049.325927734375
2024-12-03 00:00:00+05:00,1032.4088951496992,1053.0049329316562,1031.2883558442263,1049.325927734375,405612,1010.8752685546875,934.0201904296875,56.941245456567394,25.223842481912925,27.32256765804903,1,1058.08203125
2024-12-04 00:00:00+05:00,1049.3259190613078,1063.0202964685618,1036.2464643746707,1058.08203125,284601,1014.1178802490234,937.4081713867188,54.71137387173998,27.08735602278489,27.275525330996206,1,1109.507568359375
2024-12-05 00:00:00+05:00,1058.0819945789308,1111.6098050756802,1042.6522767373924,1109.507568359375,488098,1019.2133361816407,941.9311633300781,61.49026790126109,32.341007984924886,28.28862186178194,0,1105.322998046875
2024-12-06 00:00:00+05:00,1110.6281591478362,1131.4423251028468,1090.7857647792564,1105.322998046875,266819,1024.8026245117187,946.2703100585937,59.035100977116436,35.7547466997363,29.781846829372814,1,1157.3533935546875
2024-12-09 00:00:00+05:00,1110.7272431328552,1208.759115379071,1093.7605817262793,1157.3533935546875,288292,1033.4,951.8846838378906,67.1938865932425,42.17243967407535,32.25996539831333,1,1192.466796875
2024-12-10 00:00:00+05:00,1184.9799920702778,1273.0857036039945,1147.3082302190758,1192.466796875,1022643,1043.952359008789,958.0946264648437,73.62781451680212,49.521018312866545,35.71217598122397,1,1208.3228759765625
2024-12-11 00:00:00+05:00,1199.864299425838,1244.4873518838235,1194.9061824860617,1208.3228759765625,255483,1053.8775207519532,964.5088439941406,73.82334411982097,55.978982037253445,39.76553719242987,1,1214.8179931640625
2024-12-12 00:00:00+05:00,1218.705200603237,1249.4455270627166,1193.9146147488182,1214.8179931640625,594520,1062.9890502929688,970.9379357910157,77.18583320345265,60.91883211505228,43.996196176954356,1,1246.877197265625
2024-12-13 00:00:00+05:00,1214.7386493912115,1260.3533252050856,1204.8720451071038,1246.877197265625,332665,1073.5136474609376,977.3868603515625,85.0704003880706,66.652282707013,48.52741348296608,0,1228.462646484375
2024-12-16 00:00:00+05:00,1249.445430625397,1259.361664201789,1209.7904222372272,1228.462646484375,559581,1082.4655212402345,983.5954125976563,93.19350080662065,68.91576521438105,52.60508382924908,0,1172.6739501953125
2024-12-17 00:00:00+05:00,1214.738658163784,1239.5093911887368,1165.1574884428132,1172.6739501953125,433497,1089.2358276367188,989.1036804199218,77.06613485862633,65.45340376872537,55.17474781714434,0,1126.1767578125
2024-12-18 00:00:00+05:00,1181.0235079601684,1187.9648719868026,1103.3496880793348,1126.1767578125,296068,1094.5782012939453,993.6820043945313,65.75759992469587,58.28564194721844,55.79692664315917,0,1075.0982666015625
2024-12-19 00:00:00+05:00,1115.5762788541665,1167.1406935212033,1041.2045269305552,1075.0982666015625,542495,1096.7106842041017,997.8545581054688,57.702670187793416,47.93101282297471,54.22374387912228,1,1098.153564453125
2024-12-20 00:00:00+05:00,1074.9197747327044,1111.5999149265228,1064.011917240029,1098.153564453125,281707,1100.703955078125,1003.0568139648437,57.973156334786616,41.111358348287695,51.60126677295536,1,1122.6466064453125
2024-12-23 00:00:00+05:00,1115.5763267503082,1125.472708930191,1042.196195035177,1122.6466064453125,179862,1107.3156036376954,1008.7596398925781,58.620938107932844,37.253679607116965,48.73174933978769,0,1106.4434814453125
2024-12-24 00:00:00+05:00,1122.5176575769167,1142.350125025272,1100.7019433837256,1106.4434814453125,143904,1115.6313568115233,1014.1463366699219,55.58840331938268,32.51418139557745,45.48823575094565,0,1055.0872802734375
2024-12-26 00:00:00+05:00,1106.7508343554668,1110.6181897615131,1051.120786738575,1055.0872802734375,292070,1119.017251586914,1018.5781005859375,43.710460327076206,24.333576362619624,41.25730387328045,1,1062.2269287109375
2024-12-27 00:00:00+05:00,1061.0370290600745,1078.8862501096833,1057.0705354934948,1062.2269287109375,171856,1121.57216796875,1023.1510705566407,45.05302982533577,18.21650931628392,36.64914496188114,1,1089.7445068359375
2024-12-30 00:00:00+05:00,1070.9532914831918,1101.1978057334115,1046.162706032192,1089.7445068359375,192193,1125.5089111328125,1028.3315087890626,41.776427735276314,15.411474309139976,32.40161083133291,1,1091.2716064453125
2024-12-31 00:00:00+05:00,1105.6600714081774,1130.450655968899,1082.109016075492,1091.2716064453125,363139,1128.5031188964845,1033.4090173339844,36.59600035830622,13.159987884243947,28.553286241915117,0,1091.2716064453125
2025-01-01 00:00:00+05:00,1091.2716064453125,1091.2716064453125,1091.2716064453125,1091.2716064453125,0,1130.6004028320312,1038.0490197753907,33.81594324126715,11.246031421612997,25.091835277854695,1,1182.4613037109375
2025-01-02 00:00:00+05:00,1189.9481089823976,1219.6968117069575,1145.3250548955575,1182.4613037109375,362258,1136.8193664550781,1044.5709265136718,46.37516779478001,16.89272478493922,23.452013179271603,0,1138.076171875
2025-01-03 00:00:00+05:00,1208.7888927699112,1208.7888927699112,1091.7872605686457,1138.076171875,487084,1138.2477966308593,1049.6807604980468,38.13888224983006,17.583568330149546,22.27832420944719,1,1138.5819091796875
2025-01-06 00:00:00+05:00,1149.192351906164,1156.213001814246,1115.5762953306455,1138.5819091796875,183759,1139.9107421875,1054.4171484375,39.80335780166663,17.964788689532497,21.415617105464253,1,1141.3089599609375
2025-01-07 00:00:00+05:00,1141.3585895524905,1146.217568661098,1088.8025467668415,1141.3089599609375,274356,1139.1085205078125,1059.075596923828,45.95473443842818,18.276281185108473,20.7877499213931,0,1125.0364990234375
2025-01-08 00:00:00+05:00,1140.3768846251835,1162.1826744387224,1120.5344898598603,1125.0364990234375,178703,1135.7370056152345,1063.35564453125,49.84050118928297,17.013963251470386,20.032992587408557,0,1093.02685546875
2025-01-09 00:00:00+05:00,1127.4758438639365,1137.3920781987115,1082.793233848504,1093.02685546875,174588,1129.9722045898438,1067.3524829101561,52.64916633087099,13.27760056119223,18.681914182165293,0,1085.56982421875
2025-01-10 00:00:00+05:00,1090.7857731450663,1115.278823450211,1069.5650075306876,1085.56982421875,215238,1123.5097961425781,1071.547843017578,48.050745733559936,9.604076296031735,16.86634660493858,1,1094.752197265625
2025-01-13 00:00:00+05:00,1086.848988081396,1110.61817113904,1086.848988081396,1094.752197265625,103194,1115.903546142578,1075.1492211914062,45.46392215075569,7.349007826542447,14.962878849259356,1,1107.1673583984375
2025-01-14 00:00:00+05:00,1105.16425979814,1114.5846819319058,1084.945044503197,1107.1673583984375,150508,1109.8387817382813,1078.279776611328,50.11918227693217,6.488850137947111,13.268073106996908,0,1101.336669921875
2025-01-15 00:00:00+05:00,1095.843037338988,1119.5428617213888,1089.794158575559,1101.336669921875,97947,1106.2719177246095,1080.7366235351562,58.957529194866176,5.2758642625644825,11.669631338110424,0,1089.94287109375
2025-01-16 00:00:00+05:00,1101.6935840316064,1101.6935840316064,1081.8809681076652,1089.94287109375,87074,1104.460223388672,1082.6708850097657,55.280968288000466,3.356488365219775,10.007002743532295,1,1118.8487548828125
2025-01-17 00:00:00+05:00,1088.8025167926462,1125.482657469625,1081.266202998902,1118.8487548828125,267300,1106.6477478027343,1084.8958911132813,55.51631048409488,4.120335718106162,8.829669338447069,1,1123.4696044921875
2025-01-20 00:00:00+05:00,1135.40878892058,1135.40878892058,1120.5344379740222,1123.4696044921875,84935,1107.9135498046876,1087.4945385742187,56.03194829144423,5.040451012219592,8.071825673201573,0,1092.2532958984375
2025-01-21 00:00:00+05:00,1122.5176606758218,1129.4590243019093,1088.802465920541,1092.2532958984375,82978,1106.3938842773437,1089.6314868164063,50.16465121459446,3.213708166656488,7.1002021718925565,0,1088.2470703125
2025-01-22 00:00:00+05:00,1100.7019176821768,1109.6265278255455,1078.7572881210708,1088.2470703125,150327,1105.484063720703,1091.7680358886719,27.666767944210534,1.4262909826031773,5.9654199340346805,1,1097.5584716796875
2025-01-23 00:00:00+05:00,1100.6920354811916,1104.6585290357823,1089.5461982766142,1097.5584716796875,50224,1107.6076232910157,1093.5228125,38.47977337236334,0.7524287282901696,4.922821692885778,1,1099.859130859375
2025-01-24 00:00:00+05:00,1100.701986549429,1120.5344547755449,1096.3388193301275,1099.859130859375,117687,1109.4892333984376,1094.8682470703125,39.10135676026675,0.39942765188584417,4.018142884685791,0,1089.45703125
2025-01-27 00:00:00+05:00,1100.7020070502697,1109.6266179182448,1081.8611618845443,1089.45703125,102444,1109.4748596191407,1095.9296826171876,36.01050995962927,-0.7114891449268725,3.0722164787632584,0,1075.7327880859375
2025-01-28 00:00:00+05:00,1097.7270472254213,1109.616601494836,1067.9783467586078,1075.7327880859375,355994,1108.6979187011718,1096.4558349609374,36.51255857193997,-2.668568834777716,1.924059416055064,0,1067.135498046875
2025-01-29 00:00:00+05:00,1076.9029638873112,1085.8275740852723,1064.1109983940123,1067.135498046875,127451,1107.49111328125,1097.0531884765626,41.87666122817903,-4.857306044075585,0.567786324028934,1,1104.3907470703125
2025-01-30 00:00:00+05:00,1061.0370025233478,1109.626547498716,1061.0370025233478,1104.3907470703125,594472,1103.5875854492188,1098.7544177246093,54.97480990464095,-3.544846031894167,-0.25474014715568616,1,1170.948486328125
2025-01-31 00:00:00+05:00,1140.3668560132842,1199.8841090312908,1130.450622482734,1170.948486328125,1070641,1105.231201171875,1101.524415283203,65.45327969990632,2.8332809957303198,0.36286408142151505,1,1189.4224853515625
2025-02-03 00:00:00+05:00,1174.0821004720306,1229.6130106294916,1168.3405622758185,1189.4224853515625,718482,1107.7732299804688,1104.9471020507813,66.28192550996245,9.271810287098106,2.144653322556833,0,1185.733642578125
2025-02-04 00:00:00+05:00,1199.8642755756064,1207.7873366040565,1175.0736913694986,1185.733642578125,342632,1109.9944641113282,1108.8535021972657,66.84875743521059,13.916313752401493,4.4989854085257655,0,1184.5338134765625
2025-02-06 00:00:00+05:00,1184.9899214892955,1189.9480383156108,1165.1574541840355,1184.5338134765625,483790,1112.9693298339844,1113.7416101074218,69.68506997457087,17.30086641082039,7.059361608984691,1,1199.2098388671875
2025-02-07 00:00:00+05:00,1178.1477670045183,1204.8224613459308,1178.1477670045183,1199.2098388671875,83026,1118.2784790039063,1117.9784191894532,67.77658124347877,20.926157654009558,9.832720817989664,0,1198.9718017578125
2025-02-10 00:00:00+05:00,1200.8559103849825,1204.8224038957503,1180.230095709879,1198.9718017578125,109996,1123.9485778808594,1121.735283203125,67.03200898807097,23.50902210471736,12.567981075335204,1,1208.38232421875
2025-02-11 00:00:00+05:00,1204.1084903127562,1217.713534299225,1199.8643131124288,1208.38232421875,249830,1129.6300842285157,1125.6827368164063,79.0551869853345,26.01542171848405,15.257469203964975,0,1197.9703369140625
2025-02-12 00:00:00+05:00,1208.3823831138309,1209.7806060683222,1196.7903631143586,1197.9703369140625,172098,1134.170233154297,1129.01439453125,76.59984741797237,26.852067195351992,17.576388802242377,1,1231.7449951171875
2025-02-13 00:00:00+05:00,1204.8223963714313,1239.529214373901,1200.855902885435,1231.7449951171875,1673924,1140.6906494140626,1132.6627758789064,79.08106197612045,29.895826930522162,20.040276427898334,1,1354.9244384765625
2025-02-14 00:00:00+05:00,1354.9244384765625,1354.9244384765625,1333.7334516004794,1354.9244384765625,536482,1153.9397277832031,1138.5996240234374,86.27312102353115,41.766126171297856,24.38544637657824,1,1392.5367431640625
2025-02-17 00:00:00+05:00,1355.5491431434525,1428.9292723260537,1348.6077795721253,1392.5367431640625,1017829,1167.6241271972656,1144.2602075195311,90.00522375626424,53.590662689184455,30.226489639099483,1,1447.423095703125
2025-02-18 00:00:00+05:00,1398.1889705106933,1478.5104645613076,1369.4517442291176,1447.423095703125,694511,1183.8218017578124,1151.1022094726563,94.25282044082387,66.62257939219216,37.50570758971802,0,1390.4246826171875
2025-02-19 00:00:00+05:00,1455.6040719689545,1461.65295074416,1380.339828653915,1390.4246826171875,535671,1198.73037109375,1155.7636352539062,84.51264363082782,71.52665691171387,44.30989745411719,0,1384.2269287109375
2025-02-20 00:00:00+05:00,1388.2727084555236,1437.8538766146494,1368.4402411918734,1384.2269287109375,645471,1213.529364013672,1159.598837890625,81.99547232170522,74.05935657224563,50.25978927774288,1,1410.6041259765625
2025-02-21 00:00:00+05:00,1522.647643277065,1522.647643277065,1393.2308647931347,1410.6041259765625,2132716,1229.1816467285157,1163.644462890625,80.17380152960838,77.3038480360483,55.66860102940397,1,1437.229248046875
2025-02-24 00:00:00+05:00,1389.2644275079444,1459.6597652251137,1359.6148626970407,1437.229248046875,1462920,1246.0501525878906,1168.0926879882813,80.57255592954873,81.0888143561915,60.75264369476149,1,1444.081298828125
2025-02-25 00:00:00+05:00,1447.7701086837164,1467.6025759259592,1427.9376414414735,1444.081298828125,421255,1263.7813659667968,1172.0367700195313,81.62616880527972,83.67675709832724,65.33746637547463,0,289.5401306152344
2025-02-26 00:00:00+05:00,289.1573775559856,292.7232633864349,287.57077412909155,289.5401306152344,1248690,1224.4717330932617,1153.2583197021484,21.34701785925286,-7.349383882490201,50.80009632388167,0,284.9786682128906
2025-02-27 00:00:00+05:00,290.9422988315962,291.5154600606111,284.1992718320417,284.9786682128906,796900,1185.3638916015625,1135.5044140625,20.540345288968098,-78.9462846843719,24.850820122230957,0,282.4460754394531
2025-02-28 00:00:00+05:00,286.55933944801177,286.55933944801177,278.8643322225715,282.4460754394531,936540,1144.2666580200196,1118.629800415039,20.510015721660125,-134.34308006738104,-6.9879599156914445,1,1400.88623046875
2025-03-03 00:00:00+05:00,1403.3950668115324,1421.98800622345,1397.1974203408934,1400.88623046875,161766,1155.7635452270508,1125.145559692383,53.61443074180391,-86.99385519341422,-22.989138971236002,0,1400.88623046875
2025-03-04 00:00:00+05:00,1400.88623046875,1400.88623046875,1400.88623046875,1400.88623046875,0,1166.33673248291,1131.2002130126953,53.82487983333766,-48.905501173144785,-28.172411411617762,1,1422.29541015625
2025-03-05 00:00:00+05:00,1420.996325405528,1447.770157077509,1417.0298318244936,1422.29541015625,284831,1178.1648208618165,1137.1931890869141,53.60861795824159,-16.79901572722838,-25.897732274739887,1,1422.9102783203125
2025-03-06 00:00:00+05:00,1425.0620237180094,1437.8539903242438,1420.7484859565934,1422.9102783203125,178135,1190.083644104004,1143.522525024414,51.35018523409752,8.596129199066809,-18.99895997997855,1,1436.8126220703125
2025-03-07 00:00:00+05:00,1427.927715481341,1445.6678719547297,1421.9879012262888,1436.8126220703125,323720,1201.9637832641602,1151.1570318603515,50.88766976554557,29.503667555006814,-9.298434472981478,0,1436.3565673828125
2025-03-10 00:00:00+05:00,1437.8539283989674,1450.7450325846137,1427.937694410009,1436.3565673828125,129248,1213.8330215454102,1158.639624633789,49.77318117671725,45.51161298638431,1.6635750188916791,0,1426.2420654296875
2025-03-11 00:00:00+05:00,1435.8706899536871,1437.853936763015,1420.004715479061,1426.2420654296875,131405,1224.726008605957,1165.369575805664,50.74849571152436,56.72794485816689,12.676448986746722,0,1418.9139404296875
2025-03-12 00:00:00+05:00,1429.9209359070726,1431.9041826975124,1416.0382083739944,1418.9139404296875,83982,1235.7731887817383,1171.9224224853515,50.72453142241599,64.2846171809806,22.998082625593497,1,1459.0052490234375
2025-03-13 00:00:00+05:00,1421.9879901784889,1471.5691613841543,1421.9879901784889,1459.0052490234375,441742,1247.1362014770507,1179.277095336914,51.00522840360064,72.67066578689173,32.93259925785315,0,1451.845703125
2025-03-14 00:00:00+05:00,1477.5188471491845,1477.5188471491845,1443.4069784148426,1451.845703125,420086,1251.9822647094727,1184.6647833251952,50.3060392489752,77.84164418666887,41.91440824361629,1,1480.4837646484375
2025-03-17 00:00:00+05:00,1457.6764271514403,1486.4434307825618,1452.7282362217832,1480.4837646484375,415549,1256.3796157836914,1191.512935180664,50.75530389312454,83.2904140039002,50.189609395673074,1,1504.094482421875
2025-03-18 00:00:00+05:00,1487.4351602084273,1512.2257462119012,1480.0476139985053,1504.094482421875,524935,1259.2131851196289,1198.8231866455078,97.48586163168598,88.49369075996651,57.85042566853176,1,1521.76513671875
2025-03-19 00:00:00+05:00,1502.309489948262,1532.0581927195146,1477.5189043055514,1521.76513671875,578664,1265.780207824707,1206.432310180664,97.86443487904194,92.97148182888645,64.87463690060271,1,1536.510498046875
2025-03-20 00:00:00+05:00,1535.0230629801138,1556.848703210214,1527.298278131445,1536.510498046875,554306,1273.394386291504,1214.6617901611328,98.07862329774902,96.5964867685584,71.21900687419385,0,1514.9923095703125
2025-03-21 00:00:00+05:00,1538.1069874165237,1546.9324596329589,1507.3171543582632,1514.9923095703125,166226,1278.6137954711915,1223.101099243164,77.5274241473851,96.61922504203972,76.29905050776303,0,1483.914794921875
2025-03-24 00:00:00+05:00,1525.116795788992,1529.0832894061286,1476.5272489790698,1483.914794921875,242494,1280.9480728149415,1231.0679986572266,67.41835394672955,93.05684816136431,79.6506100384833,1,1485.322998046875
2025-03-25 00:00:00+05:00,1483.4686670549677,1494.6244307610962,1460.661327922438,1485.322998046875,153127,1283.010157775879,1238.8794146728515,64.43365887586073,89.31767053364001,81.58402213751464,0,1478.7882080078125
2025-03-26 00:00:00+05:00,1497.3513694437536,1502.309486561117,1467.6026667395731,1478.7882080078125,212439,1342.4725616455078,1246.311831665039,62.458548799738715,84.84895642864694,82.23700899574109,1,1484.0635986328125
2025-03-27 00:00:00+05:00,1473.5623404201506,1505.2843642086837,1467.8009501986037,1484.0635986328125,265302,1402.4268081665039,1253.966370239258,60.95657451082071,80.8017163514744,81.94995046688777,0,1484.0635986328125
2025-03-28 00:00:00+05:00,1484.0635986328125,1484.0635986328125,1484.0635986328125,1484.0635986328125,0,1462.5076843261718,1261.848784790039,61.08577108195873,76.70998448073829,80.90195726965788,0,1484.0635986328125
2025-03-31 00:00:00+05:00,1484.0635986328125,1484.0635986328125,1484.0635986328125,1484.0635986328125,0,1466.666552734375,1269.153081665039,64.09883357522232,72.63002379021009,79.24757057376833,1,1503.5589599609375
2025-04-03 00:00:00+05:00,1477.518918861476,1517.0747922284072,1473.5623510377432,1503.5589599609375,292519,1471.8001892089844,1276.754868774414,69.48325042652239,70.160966331895,77.43024972539367,0,1488.8333740234375
2025-04-04 00:00:00+05:00,1502.309502598916,1517.1342245189803,1484.4602807858596,1488.8333740234375,311559,1475.1270874023437,1284.686470336914,57.7734343187556,66.25227381732475,75.19465454377988,0,1463.6956787109375
2025-04-07 00:00:00+05:00,1477.5188506604927,1487.435084557543,1400.1722262635003,1463.6956787109375,586054,1477.166357421875,1292.1954425048827,52.82360736456138,60.42960998391686,72.24164563180727,1,1560.9639892578125
2025-04-08 00:00:00+05:00,1487.4450163299714,1608.2148681727958,1481.4853500505644,1560.9639892578125,2063508,1483.37392578125,1301.4635528564454,64.45054550045415,62.93833277932913,70.38098306131165,0,1547.904296875
2025-04-09 00:00:00+05:00,1566.7649935703075,1566.7649935703075,1528.091680437876,1547.904296875,605409,1488.9513122558594,1310.4244561767578,58.17601265551715,63.14481155682847,68.93374876041501,0,317.68243408203125
2025-04-10 00:00:00+05:00,317.91448268372164,322.4759565854687,313.35500607040854,317.68243408203125,3984900,1433.5233306884766,1294.9889642333985,9.334388248146738,-35.55037288937683,48.03692443045665,1,317.904541015625
2025-04-11 00:00:00+05:00,315.3362400504213,320.0960202482913,312.95634995148623,317.904541015625,2280510,1378.4728607177735,1279.8323992919923,8.436155359567678,-112.45280946205025,15.938977651955273,1,335.08740234375
2025-04-14 00:00:00+05:00,320.39353327475914,336.9536262429822,318.3309396130512,335.08740234375,5140045,1322.2769683837892,1265.1914373779298,9.636790533497958,-170.0517801242995,-21.259173903295682,1,340.3707580566406
2025-04-15 00:00:00+05:00,337.1519464129092,346.4732000554656,332.19382955389585,340.3707580566406,5753460,1266.703221130371,1249.9110375976563,10.177882777991769,-212.81980249370235,-59.57129962137702,1,342.2171630859375
2025-04-16 00:00:00+05:00,341.11844268633706,351.23301326611653,339.1351959265328,342.2171630859375,3784775,1209.789891052246,1233.3364111328126,10.20528756764952,-243.7549238634765,-96.40802446979693,1,344.747802734375
2025-04-17 00:00:00+05:00,343.49834753806994,349.03162318289657,342.50672411546464,344.747802734375,2238735,1151.822557067871,1216.4429174804689,10.41050845880153,-265.01213403748693,-130.12884638333492,1,347.35577392578125
2025-04-18 00:00:00+05:00,346.8302147271985,356.19114216991045,344.68830452299045,347.35577392578125,5546650,1093.1020889282227,1199.675360107422,10.243345766373025,-278.4385188475826,-159.79078087618447,0,347.35577392578125
2025-04-21 00:00:00+05:00,347.35577392578125,347.35577392578125,347.35577392578125,347.35577392578125,0,1033.644352722168,1182.9317993164063,10.243345766373025,-285.78467767204404,-184.98956023535638,0,347.35577392578125
2025-04-22 00:00:00+05:00,347.35577392578125,347.35577392578125,347.35577392578125,347.35577392578125,0,975.2625259399414,1165.894718017578,10.243345766373025,-288.2834097690204,-205.64833014208918,0,347.35577392578125
2025-04-23 00:00:00+05:00,347.35577392578125,347.35577392578125,347.35577392578125,347.35577392578125,0,918.4345748901367,1148.8623974609375,9.002401737585956,-286.9558248333864,-221.90982908034863,0,347.35577392578125
2025-04-24 00:00:00+05:00,347.35577392578125,347.35577392578125,347.35577392578125,347.35577392578125,0,861.536213684082,1131.6418664550781,9.097406291853773,-282.6455423358567,-234.05697173145026,0,347.35577392578125
2025-04-25 00:00:00+05:00,347.35577392578125,347.35577392578125,347.35577392578125,347.35577392578125,0,804.9645919799805,1114.6295751953126,9.264304521696616,-276.0475085576114,-242.4550790966825,0,347.35577392578125
2025-04-28 00:00:00+05:00,347.35577392578125,347.35577392578125,347.35577392578125,347.35577392578125,0,748.1292007446289,1096.9417907714844,2.331059801085459,-267.7322683204379,-247.5105169414336,0,346.2352294921875
2025-04-29 00:00:00+05:00,355.00117670451937,360.9310955225429,332.193838536352,346.2352294921875,7838604,691.2377822875976,1076.7680065917968,2.3531299995808297,-258.2557871399143,-249.65957098112975,0,324.5484313964844
2025-04-30 00:00:00+05:00,337.1519563502324,341.0589549712465,322.27760533478096,324.5484313964844,5286939,633.2620239257812,1055.4082403564453,56.541452020047835,-249.61810871676897,-249.65127852825762,1,333.978759765625
2025-05-02 00:00:00+05:00,333.2846415204489,339.1352137163833,330.2106028291101,333.978759765625,4552166,574.7830139160156,1033.1393536376954,63.02845224797197,-239.25376912825624,-247.57177664825736,0,332.2037658691406
2025-05-05 00:00:00+05:00,334.1770867569693,337.1519569654883,325.2524761314122,332.2037658691406,3188998,516.9515335083008,1011.9749353027344,46.88464574224039,-228.5486163241182,-243.76714458342954,0,320.60174560546875
2025-05-06 00:00:00+05:00,336.4677193409634,336.4677193409634,317.31947470989377,320.60174560546875,2354625,459.79683685302734,990.702431640625,31.208056222285265,-218.48236299348684,-238.71018826544102,0,302.3658142089844
2025-05-07 00:00:00+05:00,297.49693978393896,315.7725514062601,293.52052034810373,302.3658142089844,7169114,396.86692810058594,968.5376654052734,21.117701676384414,-209.56058795418198,-232.88026820318922,0,285.27020263671875
2025-05-08 00:00:00+05:00,303.5458140072274,315.2866612898897,272.1311930386601,285.27020263671875,7396858,333.7352233886719,945.4984844970703,14.407773245519195,-201.54619090688243,-226.61345274392787,1,304.497802734375
2025-05-09 00:00:00+05:00,292.52890111080524,306.41162862114857,277.8032876635165,304.497802734375,3642443,333.07599182128905,922.7068145751953,28.608199370235326,-191.43645656395,-219.57805350793228,1,334.9505615234375
2025-05-12 00:00:00+05:00,334.9505615234375,334.9505615234375,334.9505615234375,334.9505615234375,876832,333.9282928466797,923.6150231933593,45.25165102472402,-178.90483258487313,-211.44340932332045,1,348.24822998046875
2025-05-13 00:00:00+05:00,348.05981911042204,352.01638685751294,334.9703779108931,348.24822998046875,6259987,334.5863342285156,924.880414428711,50.31004365886292,-165.98702448976627,-202.35213235660962,0,348.15899658203125
2025-05-14 00:00:00+05:00,361.8929873078341,361.8929873078341,340.12684064843984,348.15899658203125,5816281,334.97574615478516,926.1946728515625,50.27887063326944,-153.9817629827657,-192.67805848184085,0,344.5791931152344
2025-05-15 00:00:00+05:00,348.15896919592853,351.0346708994962,340.1268138941446,344.5791931152344,2643581,335.09384765625,905.0685321044922,49.05938109771921,-143.106721759729,-182.76379113741848,0,339.5021057128906
2025-05-16 00:00:00+05:00,346.0765738342315,346.0765738342315,338.6393981787681,339.5021057128906,1051595,334.8315628051758,883.840849609375,47.42790047700213,-133.3605543064287,-172.88314377122055,0,335.31744384765625
2025-05-19 00:00:00+05:00,342.11007013312303,344.09331691650345,332.2930046077788,335.31744384765625,1389149,334.22964630126955,862.1012902832031,46.162593830997395,-124.5387089085462,-163.21425679868568,0,334.3456726074219
2025-05-20 00:00:00+05:00,336.16033010067446,343.10169384906595,330.032104797104,334.3456726074219,1331099,333.5791412353516,840.3299981689453,46.20641949650542,-116.28528234066789,-153.82846190708213,0,332.5805969238281
2025-05-21 00:00:00+05:00,334.1671702032754,335.25796202935453,330.8055825096605,332.5805969238281,1037102,332.8403823852539,818.2453576660156,52.93606469743579,-108.63453784953236,-144.7896770955722,0,322.2676696777344
2025-05-22 00:00:00+05:00,332.69956690895435,334.0580860853988,320.80998211179497,322.2676696777344,1883910,331.5859771728516,795.963579711914,45.746592221768765,-102.22504803879224,-136.2767512842162,0,322.09912109375
2025-05-23 00:00:00+05:00,324.2211794404096,327.72160884326536,317.36905809279057,322.09912109375,917946,330.32314453125,773.8807208251953,46.286714379949736,-96.05185564632177,-128.23177215663733,0,320.17535400390625
2025-05-26 00:00:00+05:00,318.321023170232,325.07397580314546,318.321023170232,320.17535400390625,495875,328.96412353515626,751.9059490966797,49.83130900924831,-90.27416376028458,-120.64025047736678,1,321.5140686035156
2025-05-27 00:00:00+05:00,322.2875336515987,327.02749233332725,316.8236789874298,321.5140686035156,2294998,327.67203826904296,729.1561254882813,58.74467473071224,-84.61192463638025,-113.43458530916948,0,321.5140686035156
2025-05-28 00:00:00+05:00,321.5140686035156,321.5140686035156,321.5140686035156,321.5140686035156,0,326.43598022460935,706.5494927978516,69.61468549323963,-79.2114589451574,-106.58996003636706,1,330.58740234375
2025-05-29 00:00:00+05:00,323.23946957593,337.0527757907785,322.0296878598663,330.58740234375,2756891,326.73792877197263,683.5515655517578,65.86276407509885,-73.35383146483417,-99.94273432206049,1,332.80865478515625
2025-05-30 00:00:00+05:00,332.6301698284509,335.1687234191909,330.7064179298821,332.80865478515625,827975,326.6794235229492,660.1258489990234,48.0168942324754,-67.75138715911447,-93.5044648894713,0,328.9908752441406
2025-06-02 00:00:00+05:00,333.2350220659519,337.0032090368327,327.23571276994704,328.9908752441406,984536,326.5187789916992,636.2703637695313,28.374164902283212,-62.89446435124853,-87.38246478182674,1,336.41815185546875
2025-06-03 00:00:00+05:00,332.19382664476126,340.6226252312701,331.20220328164254,336.41815185546875,2955173,327.3095993041992,612.2685168457032,38.68068640131245,-57.77994761425339,-81.46196134831207,1,342.7149353027344
2025-06-04 00:00:00+05:00,340.12681285600604,345.1840980499855,338.6393778143617,342.7149353027344,3330662,329.3270553588867,588.8229693603515,48.2921466928794,-52.61207915370028,-75.69198490938972,0,339.1947021484375
2025-06-05 00:00:00+05:00,342.7149531589649,344.5891359348187,337.76676201310454,339.1947021484375,816940,332.02328033447264,565.9285675048828,49.71011765085077,-48.244427829066126,-70.202473493325,0,339.1947021484375
2025-06-06 00:00:00+05:00,339.1947021484375,339.1947021484375,339.1947021484375,339.1947021484375,0,333.7581253051758,543.0060015869141,53.969553322926984,-44.27268473621524,-65.01651574190305,0,339.1947021484375
2025-06-09 00:00:00+05:00,339.1947021484375,339.1947021484375,339.1947021484375,339.1947021484375,0,333.97033233642577,520.2141314697266,55.0652454026649,-40.65638818499349,-60.144490230521136,0,332.6698303222656
2025-06-10 00:00:00+05:00,340.1268274227739,340.1367533406318,332.04510273610856,332.6698303222656,1141529,333.1914123535156,497.18625610351563,50.0847815396606,-37.88028934398733,-55.691650053214374,1,349.18035888671875
2025-06-11 00:00:00+05:00,342.1100790772118,351.03468983574777,337.2610260393403,349.18035888671875,5565026,333.24248046875,474.48859130859375,72.87595686674292,-33.95651971875276,-51.34462398632205,1,353.0179443359375
2025-06-12 00:00:00+05:00,352.0263208967916,370.8671662405636,349.06137649756806,353.0179443359375,9603356,333.66441802978517,451.86767822265625,74.73817502400205,-30.1892401791726,-47.113547224892166,0,342.82403564453125
2025-06-13 00:00:00+05:00,345.084935737159,348.0598058728242,338.63938377655114,342.82403564453125,3402914,333.8305145263672,428.6529797363281,66.00336044865784,-27.70682026252922,-43.23220183241958,0,342.82403564453125
2025-06-16 00:00:00+05:00,342.82403564453125,342.82403564453125,342.82403564453125,342.82403564453125,0,334.2058441162109,405.73279296875,65.347793347403,-25.44615713396206,-39.67499289272807,0,337.9948425292969
2025-06-17 00:00:00+05:00,342.8240436537713,349.0415114882676,337.112283176031,337.9948425292969,2370083,334.3883026123047,383.21877624511717,61.09775374273462,-23.77023239987301,-36.49404079415706,0,328.7528991699219
2025-06-18 00:00:00+05:00,333.1854569053005,333.6812685971239,325.94661830945705,328.7528991699219,2056615,334.19691772460936,358.5745544433594,48.76748875089753,-22.923549159384493,-33.779942467202545,0,325.69873046875
2025-06-19 00:00:00+05:00,328.72316985129123,334.18702468105846,322.2776175012659,325.69873046875,2994913,334.3684707641602,334.13044311523436,45.27606600668632,-22.242593705996796,-31.4724727149614,1,327.1662902832031
2025-06-20 00:00:00+05:00,325.1334744851847,330.11141289431686,323.26921771290483,327.1662902832031,761312,334.6218292236328,334.3201202392578,48.748639552601176,-21.33853444870249,-29.445685061709618,0,314.0074768066406
2025-06-23 00:00:00+05:00,317.5178321979422,324.1517953197825,312.3613782927754,314.0074768066406,1695746,334.31343536376954,334.24217895507815,35.750297566955965,-21.436757650392053,-27.843899579446106,1,343.5181884765625
2025-06-24 00:00:00+05:00,332.6896477299766,345.03537105454035,328.336406517106,343.5181884765625,4684225,335.41364135742185,334.4107946777344,50.39433332184736,-18.915288770349946,-26.058177417626876,1,344.8271179199219
2025-06-25 00:00:00+05:00,345.0849496925951,346.57238482058045,342.11007943662446,344.8271179199219,1642530,336.5792938232422,334.499921875,52.826433523382484,-16.619804093691812,-24.170502752839866,0,338.4212341308594
2025-06-26 00:00:00+05:00,344.83703876567625,348.0598148289069,337.53870503744747,338.4212341308594,1506811,336.97098541259766,334.42400329589844,49.63530831376176,-15.142958633970977,-22.36499392906609,1,352.90887451171875
2025-06-27 00:00:00+05:00,339.73019074765574,361.9425493688626,338.4212405665234,352.90887451171875,6413957,337.97599639892576,334.5872247314453,55.68902952817309,-12.65760744701032,-20.423516632654938,0,352.2642822265625
2025-06-30 00:00:00+05:00,354.10871746213536,355.9927958445785,350.052981441746,352.2642822265625,1632314,339.13966674804686,334.6853948974609,58.545225730050234,-10.617569207073473,-18.462327147538645,0,346.8302001953125
2025-07-01 00:00:00+05:00,354.0095437231305,354.0095437231305,345.06511180403345,346.8302001953125,2143278,339.66026916503904,334.67488342285156,48.86547988683379,-9.331738734321505,-16.636209464895217,0,345.87823486328125
2025-07-02 00:00:00+05:00,347.06819506542644,350.9355203294807,345.0849482364811,345.87823486328125,989113,339.8184341430664,334.64533264160156,46.4545870600323,-8.29391735071124,-14.967751042058422,1,346.7310485839844
2025-07-03 00:00:00+05:00,347.03844942315374,352.5221257239372,345.1543709780028,346.7310485839844,1500526,340.19525146484375,334.6328381347656,52.13852532705531,-7.318261128274344,-13.437853059301608,1,350.12237548828125
2025-07-04 00:00:00+05:00,350.0331330140379,351.5304940264353,347.06818874260193,350.12237548828125,962543,340.74163513183595,334.68817016601565,53.85178847761971,-6.199925917438009,-11.990267630928887,1,353.6029968261719
2025-07-07 00:00:00+05:00,352.0163932788104,355.0011895000497,349.0514488939036,353.6029968261719,1531676,341.46204986572263,334.81311462402346,58.35634352622247,-4.975426532507299,-10.58729941124457,0,352.0560607910156
2025-07-08 00:00:00+05:00,355.0011835521918,356.617534565025,349.1208639478393,352.0560607910156,1740065,342.43136138916014,334.9071203613281,63.596404386187324,-4.082763204867433,-9.286392169969144,0,349.4679260253906
2025-07-09 00:00:00+05:00,353.5038101959694,354.0095478052275,347.31608996857403,349.4679260253906,1014954,342.44573974609375,334.9717742919922,63.94414671637991,-3.54331678183911,-8.137777092343137,1,350.4198913574219
2025-07-10 00:00:00+05:00,351.03469304004403,351.28259889671074,347.06819933337687,350.4198913574219,1390682,342.31583709716796,335.48920349121096,63.724701198376614,-3.004353640081206,-7.111092401890752,0,349.0316162109375
2025-07-11 00:00:00+05:00,351.4710013084746,356.8852566144041,348.55562608329467,349.0316162109375,1637078,342.62621612548827,335.7902606201172,74.007593427397,-2.6585970177388276,-6.220593325060368,1,350.2314758300781
2025-07-14 00:00:00+05:00,350.0430649605602,352.81959841354296,347.81191228021663,350.2314758300781,1083505,342.9965881347656,336.15081481933595,57.52053797003149,-2.26169237799229,-5.428813135646752,0,346.93927001953125
2025-07-15 00:00:00+05:00,351.034679455085,353.0179262316674,346.07656251362897,346.93927001953125,1176731,343.44380950927734,336.6775653076172,52.265465069920396,-2.187579036832801,-4.780566315883963,0,346.6913757324219
2025-07-16 00:00:00+05:00,347.0681974744482,348.1589892903284,342.1100803676704,346.6913757324219,867656,344.34073333740236,337.56407653808594,60.22057148546696,-2.124358396014884,-4.249324731910147,1,355.29864501953125
2025-07-17 00:00:00+05:00,348.01023738464414,356.0919618808546,346.07655968848394,355.29864501953125,2044005,345.8207290649414,338.9646453857422,53.45562861303562,-1.3639975702368474,-3.6722592995754875,1,355.7052307128906
2025-07-18 00:00:00+05:00,355.5069241848324,371.71004733632407,351.748662926464,355.7052307128906,5228348,347.24767608642577,339.9887939453125,55.01012662952533,-0.7202949583167424,-3.0818664313237387,0,354.73345947265625
2025-07-21 00:00:00+05:00,355.4969986172269,361.94255089341095,353.01794004946385,354.73345947265625,987508,349.2839752197266,340.3844519042969,63.226050274251044,-0.2852812734600434,-2.5225493997509996,0,354.0888671875
2025-07-22 00:00:00+05:00,355.0011740225901,357.97604419596377,352.63117959206915,354.0888671875,1121102,349.81250915527346,340.5012646484375,63.88326429009307,0.007372015557280065,-2.0165651166893435,0,353.7814636230469
2025-07-23 00:00:00+05:00,355.00117127900364,356.98441804592545,352.52211282035137,353.7814636230469,771597,350.2602264404297,340.6137139892578,62.145484214886984,0.21205254721780875,-1.570841583907913,0,350.5289611816406
2025-07-24 00:00:00+05:00,354.0293907249467,356.43905869051144,350.0430753783942,350.5289611816406,688855,350.86561279296876,340.73270935058594,50.70377597494868,0.11053934966344059,-1.2345653971936423,1,355.5366516113281
2025-07-25 00:00:00+05:00,350.2413864460948,356.98441325842083,349.0613522146462,355.5366516113281,931294,350.9970016479492,341.0534002685547,53.178984844106225,0.4292203904188341,-0.9018082396711471,1,366.2065124511719
2025-07-28 00:00:00+05:00,358.85860962877354,370.11351109945065,358.7098419080252,366.2065124511719,3333943,351.69411315917966,341.671181640625,67.89564930112789,1.525164858115886,-0.4164136201137405,0,358.84869384765625
2025-07-29 00:00:00+05:00,366.9006713057522,371.74972443333786,354.812779200426,358.84869384765625,4317828,352.2950378417969,342.1612420654297,60.58641322653324,1.7794815198987521,0.022765407888758027,0,353.4443359375
2025-07-30 00:00:00+05:00,360.94100673315006,361.9326301745001,348.0598279138367,353.4443359375,1928440,352.6733428955078,342.5785168457031,53.10147993528217,1.5273366037344545,0.32367964705789737,1,353.9599914550781
2025-07-31 00:00:00+05:00,355.0011839400684,359.31475186435495,349.5472551365199,353.9599914550781,855949,353.0347900390625,343.21236328125,55.146003055233194,1.3535165357346273,0.5296470247932434,1,356.8951721191406
2025-08-01 00:00:00+05:00,355.00116784362547,359.06682972886017,352.0262977220308,356.8951721191406,1168697,353.3734298706055,343.9082843017578,56.71462151301312,1.436053497987814,0.7109283194321576,1,368.9929809570313
2025-08-04 00:00:00+05:00,361.9128053849015,370.86716377026727,360.4650436467367,368.9929809570313,2876974,354.14292907714844,344.8846368408203,68.87307288108329,2.44942129881008,1.0586269153077421,1,371.7992858886719
2025-08-05 00:00:00+05:00,368.9929746756637,374.6849136596771,368.8739847076956,371.7992858886719,3163979,355.1300903320313,345.8903411865234,70.58538294092627,3.4393215783451865,1.534765847915231,1,377.6399230957031
2025-08-06 00:00:00+05:00,374.33783051528735,379.3058733934979,372.017435409222,377.6399230957031,3126789,356.5386901855469,347.0128582763672,69.187547472261,4.64160970471454,2.156134619275093,1,379.0877075195313
2025-08-07 00:00:00+05:00,377.8184308132989,381.1800183096252,373.0487248128671,379.0877075195313,2162742,357.97208099365236,347.9828643798828,69.72892830455696,5.646170273945074,2.85414175020909,0,371.5910339355469
2025-08-08 00:00:00+05:00,376.8168781674111,383.65907332385166,367.0989813089236,371.5910339355469,1639040,359.1000518798828,348.7585119628906,62.81276978909536,5.770850089019234,3.4374834179711184,1,372.7314147949219
2025-08-11 00:00:00+05:00,370.86715792919546,379.1967885789595,368.8839110953495,372.7314147949219,1875675,360.225048828125,349.63332275390627,64.06346619149899,5.893739584323498,3.928734651241595,1,375.2302856445313
2025-08-12 00:00:00+05:00,375.7955182410851,378.0564183653562,373.35613316904255,375.2302856445313,1139433,361.639599609375,350.4095654296875,65.66258482177678,6.12219552922511,4.367426826838297,1,382.1914978027344
2025-08-13 00:00:00+05:00,376.92594979510034,383.7582494334865,375.8351882827516,382.1914978027344,1860408,363.41460571289065,351.1990966796875,71.93296809321146,6.786726991221485,4.851286859714936,1,391.0367736816406
2025-08-15 00:00:00+05:00,384.2045040912631,396.401459986056,379.7917677915184,391.0367736816406,3300897,365.2015121459961,352.2359381103516,73.34986784169263,7.935635733938,5.4681566345595485,1,407.5770263671875
2025-08-18 00:00:00+05:00,391.6912308848412,410.0362632174224,391.29458758949846,407.5770263671875,3728197,367.79510192871095,353.60358459472656,75.26035911576469,10.064793672703217,6.387484042188283,1,422.4117431640625
2025-08-19 00:00:00+05:00,408.5488372579515,426.3980583032018,408.5488372579515,422.4117431640625,3914791,371.17901611328125,355.2679254150391,85.56368233482993,12.80163506524491,7.670314246799608,0,421.0631103515625
2025-08-20 00:00:00+05:00,426.39804892184446,428.8275382821069,419.46661125226245,421.0631103515625,2577062,374.52772827148436,357.035791015625,89.63149697111481,14.692413196122345,9.074734036664156,0,416.392578125
2025-08-21 00:00:00+05:00,421.4399375098613,425.3568619750247,405.573963391843,416.392578125,3096060,377.65828399658204,358.3800354003906,84.89247210960694,15.633779096017122,10.38654304853475,0,413.5862731933594
2025-08-22 00:00:00+05:00,416.3925843541545,420.944132115918,412.0195215410221,413.5862731933594,1247451,380.81114959716797,359.5914019775391,81.72936404424215,15.969288976362009,11.503092234100201,0,410.1156005859375
2025-08-25 00:00:00+05:00,414.5085153340905,416.4818362553828,407.55722547848177,410.1156005859375,696364,383.54009704589845,360.9372332763672,75.47609360489557,15.773303871466226,12.357134561573407,1,411.96002197265625
2025-08-26 00:00:00+05:00,410.2346069645374,419.4368707777448,407.5572117170927,411.96002197265625,907341,385.82777252197263,362.3199530029297,75.18029152024255,15.587134867181078,13.003134622694942,0,411.1568298339844
2025-08-27 00:00:00+05:00,414.4985959691448,415.9860311221442,410.3337654359685,411.1568298339844,787919,388.44317932128905,363.78319274902344,72.43166226999149,15.19957248675388,13.44242219550673,1,414.7564086914063
2025-08-28 00:00:00+05:00,411.5237067569153,419.9525055700087,411.1568109446094,414.7564086914063,1560131,391.5087829589844,365.5032629394531,73.20346609110238,15.00985813758956,13.755909383923298,1,423.8396911621094
2025-08-29 00:00:00+05:00,416.4818321456144,431.3561832936721,415.73811458821154,423.8396911621094,2963919,395.0027679443359,367.4660821533203,83.30174491025699,15.414761358698172,14.087679778878273,1,441.8177795410156
2025-09-01 00:00:00+05:00,425.60476168254513,445.4372290440441,424.4247274535804,441.8177795410156,4086384,399.2488983154297,369.75911193847656,86.25247413765493,16.990475931289154,14.668239009360452,0,437.02825927734375
2025-09-02 00:00:00+05:00,444.2472763068523,444.2472763068523,434.3310424607173,437.02825927734375,2089897,402.6506622314453,372.21952758789064,81.66668751720168,17.64931649070394,15.26445450562915,1,439.457763671875
2025-09-03 00:00:00+05:00,437.56375931119294,446.2305383046655,437.56375931119294,439.457763671875,2159612,406.0335861206055,374.13831909179686,80.77376335127991,18.158176920684298,15.84319898864018,1,449.11614990234375
2025-09-04 00:00:00+05:00,439.4577478384043,452.18026252353707,439.3883269387469,449.11614990234375,2993412,409.6073974609375,376.22409973144534,80.94032565016067,19.120395510470587,16.498638293006263,1,462.2749938964844
2025-09-05 00:00:00+05:00,451.08948304493146,477.9624835016673,450.29619642190585,462.2749938964844,6159407,413.76676177978516,378.7011749267578,80.22799554896994,20.70608258165379,17.340127150735768,1,474.5612182617188
2025-09-08 00:00:00+05:00,465.0713750516364,476.97085586319207,465.0713750516364,474.5612182617188,3073083,418.91527099609374,381.1342218017578,79.65492132092277,22.69256091919027,18.41061390442667,1,476.9807739257813
2025-09-09 00:00:00+05:00,473.896809463364,481.8992174402129,468.5420492387387,476.9807739257813,3637777,424.1277389526367,383.6285516357422,81.41508560534105,24.183326895656137,19.565156502672565,1,479.1623229980469
2025-09-10 00:00:00+05:00,471.6160836331376,481.9289606901681,470.0294801792997,479.1623229980469,1838689,429.3243408203125,386.2751940917969,86.27926247675705,25.2497391747699,20.70207303709203,0,476.6138916015625
2025-09-11 00:00:00+05:00,479.4499200361253,482.9106760625947,473.9959912663245,476.6138916015625,1919069,434.0454605102539,388.8899072265625,86.53721975981864,25.594207382620766,21.680499906197777,0,470.1980895996094
2025-09-12 00:00:00+05:00,476.9708642317608,478.9541110684833,467.55044175732894,470.1980895996094,1666181,438.00352630615237,391.359248046875,83.67989182927117,25.060616133543363,22.356523151666895,1,472.5977783203125
2025-09-15 00:00:00+05:00,470.1980667113803,475.0371633373925,466.062983942845,472.5977783203125,2177425,441.2545639038086,393.80875610351563,83.78085959043612,24.5483974046237,22.794898002258257,1,473.5199890136719
2025-09-16 00:00:00+05:00,475.8800575173792,476.9708492958084,471.0211089719522,473.5199890136719,1586736,443.8099761962891,396.2070959472656,84.69605912902452,23.940899283092847,23.024098258425177,1,480.55999755859375
2025-09-17 00:00:00+05:00,478.7999877929688,487.5,477.0,480.55999755859375,2244163,446.7848205566406,398.7771746826172,85.26032355905805,23.753704578547115,23.170019522449564,1,484.4500122070313
2025-09-18 00:00:00+05:00,481.0,486.0,480.55999755859375,484.4500122070313,1319613,450.1876922607422,401.47681640625,84.39163343371044,23.646659131515776,23.265347444262808,1,487.989990234375
2025-09-19 00:00:00+05:00,485.989990234375,494.5,480.5499877929688,487.989990234375,1361634,453.90787811279296,404.22821838378906,81.33305333928114,23.575705428683705,23.32741904114699,0,482.3999938964844
2025-09-22 00:00:00+05:00,489.4700012207031,491.9800109863281,481.010009765625,482.3999938964844,874264,457.5220977783203,406.8955859375,80.45892614298235,22.80552027924068,23.22303928876573,0,482.3999938964844
2025-09-23 00:00:00+05:00,482.3999938964844,482.3999938964844,482.3999938964844,482.3999938964844,0,461.0440963745117,409.5389562988281,79.80001329969161,21.94220689686523,22.96687281038563,0,474.8299865722656
2025-09-24 00:00:00+05:00,476.7000122070313,481.0,473.0,474.8299865722656,578674,464.2277542114258,412.0967706298828,68.37692064426778,20.411892900230328,22.45587682835457,0,464.6199951171875
2025-09-25 00:00:00+05:00,475.0499877929688,477.6000061035156,460.0,464.6199951171875,1187814,466.72093353271487,414.4553430175781,51.74964945987904,18.16584252582095,21.597869967847846,1,470.55999755859375
2025-09-26 00:00:00+05:00,465.0,474.0,460.75,470.55999755859375,2136072,469.05694885253905,416.76057006835936,46.70232159457203,16.672944649164265,20.61288490411113,0,467.1000061035156
2025-09-29 00:00:00+05:00,473.9800109863281,473.9800109863281,466.0,467.1000061035156,847609,470.32106018066406,418.98846557617185,41.99389031951438,15.037279534009144,19.497763830090737,1,475.8900146484375
2025-09-30 00:00:00+05:00,467.25,478.0,463.1000061035156,475.8900146484375,1588041,472.26414794921874,421.4115966796875,47.605025143137425,14.285607780317264,18.455332620136044,1,479.0700073242188
2025-10-01 00:00:00+05:00,478.8900146484375,483.0,469.5499877929688,479.0700073242188,996089,474.24476013183596,423.91121948242187,51.781144241656,13.787566844520427,17.52177946501292,0,472.1400146484375
2025-10-02 00:00:00+05:00,479.0,484.989990234375,470.1000061035156,472.1400146484375,1566426,475.3959533691406,426.2783905029297,51.39783500657037,12.687420634708303,16.554907698951997,1,474.1199951171875
2025-10-03 00:00:00+05:00,475.0,479.7900085449219,473.010009765625,474.1199951171875,837163,475.98820343017576,428.7502111816406,51.10238183430325,11.838843890798955,15.611694937321388,0,470.6499938964844
2025-10-06 00:00:00+05:00,472.5,474.0,467.0,470.6499938964844,827392,475.7926422119141,431.05247802734374,47.99553255522495,10.762279747442903,14.641811899345694,0,470.6499938964844
2025-10-07 00:00:00+05:00,470.6499938964844,470.6499938964844,470.6499938964844,470.6499938964844,0,475.4761032104492,433.14134765625,42.32377209807425,9.796170749116186,13.672683669299792,0,443.9500122070313
2025-10-08 00:00:00+05:00,457.0,459.989990234375,440.0,443.9500122070313,2592217,473.7154876708984,434.8433740234375,26.820034863289095,6.797697401990831,12.297686415838001,1,450.8800048828125
2025-10-09 00:00:00+05:00,445.1099853515625,463.489990234375,445.1099853515625,450.8800048828125,1481644,472.4287933349609,436.7920874023437,29.5537133275986,4.9238194386131795,10.822913020393038,0,448.3399963378906
2025-10-10 00:00:00+05:00,450.0,460.0,443.0,448.3399963378906,1114027,471.335888671875,438.6796875,30.581518516559527,3.196947766416315,9.297719969597694,0,431.3800048828125
2025-10-13 00:00:00+05:00,441.0,450.0,425.0,431.3800048828125,2567586,469.275,440.16938415527346,25.625827927535724,0.4546193856128298,7.529099852800721,1,467.1600036621094
2025-10-14 00:00:00+05:00,440.0,472.0,440.0,467.1600036621094,1942602,468.9570007324219,442.132724609375,47.113725176750314,1.1551355780826498,6.254306997857107,0,458.5499877929688
2025-10-15 00:00:00+05:00,468.0,470.010009765625,454.0499877929688,458.5499877929688,1873814,467.85650024414065,443.86773864746095,47.687967835992225,1.0039702398516965,5.204239646256025,0,454.5899963378906
2025-10-16 00:00:00+05:00,458.3500061035156,465.9500122070313,452.1000061035156,454.5899963378906,1593384,466.3634994506836,445.4067401123047,43.823958657150484,0.558197847500935,4.275031286505007,1,459.8900146484375
2025-10-17 00:00:00+05:00,457.0,463.0,451.1199951171875,459.8900146484375,986837,464.95850067138673,447.0227862548828,47.25082251789502,0.6253782275830986,3.545100674720625,1,462.4500122070313
2025-10-20 00:00:00+05:00,465.0,467.5,456.0,462.4500122070313,666061,463.96100158691405,448.8399658203125,44.61969320173716,0.875101940554373,3.0111009278873744,0,462.4100036621094
2025-10-21 00:00:00+05:00,463.010009765625,465.0,458.010009765625,462.4100036621094,718850,462.9615020751953,450.63353759765624,43.15867012913577,1.057590185702736,2.620398779450447,0,459.8500061035156
2025-10-22 00:00:00+05:00,462.2999877929688,463.75,457.1099853515625,459.8500061035156,861474,462.21250305175784,452.32593200683596,44.76530785998671,0.9842966672763964,2.293178357015637,0,451.7799987792969
2025-10-23 00:00:00+05:00,457.989990234375,460.0,450.0,451.7799987792969,635349,461.5705032348633,453.7177020263672,40.95400293559897,0.2718946464374312,1.888921614899996,1,452.3200073242188
2025-10-24 00:00:00+05:00,451.7799987792969,455.0,443.0199890136719,452.3200073242188,510119,460.6585037231445,454.94336669921876,42.397352223934966,-0.24627599475530815,1.4618820929689353,0,445.2000122070313
2025-10-27 00:00:00+05:00,452.3200073242188,452.3200073242188,443.7999877929688,445.2000122070313,388945,459.5635040283203,455.6958264160156,40.03290553272377,-1.2174203982602876,0.9260215947230909,1,452.6400146484375
2025-10-28 00:00:00+05:00,455.0,464.8999938964844,450.510009765625,452.6400146484375,1406545,458.4010040283203,456.30039184570313,54.0079327099015,-1.3709103156717788,0.466635212644117,0,442.2799987792969
2025-10-29 00:00:00+05:00,452.510009765625,458.0,440.0,442.2799987792969,736919,456.5615036010742,456.7247296142578,46.155220989010246,-2.3019830517441733,-0.08708844023354106,1,445.9299926757813
2025-10-30 00:00:00+05:00,442.0,452.8500061035156,442.0,445.9299926757813,1121777,455.2510025024414,457.31547790527344,48.93315504626001,-2.714054963742342,-0.6124817449353013,1,459.8699951171875
2025-10-31 00:00:00+05:00,450.0,462.0,450.0,459.8699951171875,754891,454.5385025024414,458.24115234375,62.95823538360573,-1.8939509397684446,-0.86877558390193,1,459.9200134277344
2025-11-03 00:00:00+05:00,465.0,465.4800109863281,458.0,459.9200134277344,709293,454.0020034790039,459.23724060058595,45.12130519686699,-1.225845745901779,-0.9401896163018999,0,454.760009765625
2025-11-04 00:00:00+05:00,460.0,462.0499877929688,449.8200073242188,454.760009765625,718536,453.20750427246094,460.09324035644534,47.321572609343384,-1.100055977360796,-0.9721628885136792,0,442.0199890136719
2025-11-05 00:00:00+05:00,455.8500061035156,455.8500061035156,440.010009765625,442.0199890136719,1120641,453.11100311279296,460.71050354003904,42.09732613672382,-2.0052644411684355,-1.1787831990446305,0,439.6600036621094
2025-11-06 00:00:00+05:00,443.9500122070313,444.8399963378906,427.989990234375,439.6600036621094,1702646,452.5500030517578,461.2085754394531,36.79331777505149,-2.879882274861302,-1.519003014207965,1,439.8399963378906
2025-11-07 00:00:00+05:00,440.0,445.0,432.5499877929688,439.8399963378906,682624,452.1250030517578,461.52858154296877,34.766204098753335,-3.5179466060413347,-1.9187917325746389,1,441.4200134277344
2025-11-10 00:00:00+05:00,441.989990234375,446.5,439.0,441.4200134277344,708042,452.6270034790039,461.52062622070315,36.14523213081415,-3.851722748875318,-2.305377935834775,0,430.6199951171875
2025-11-11 00:00:00+05:00,441.0,443.989990234375,430.0,430.6199951171875,1365386,450.8000030517578,461.3924609375,32.59912934695208,-4.930873919756095,-2.8304771326190394,0,424.3399963378906
2025-11-12 00:00:00+05:00,430.0,434.0,422.0,424.3399963378906,1132424,449.0895034790039,461.0901055908203,33.309015820120194,-6.221138997059484,-3.5086095055071285,1,445.8999938964844
2025-11-13 00:00:00+05:00,425.010009765625,449.0,425.010009765625,445.8999938964844,2584227,448.6550033569336,461.0257824707031,46.89013294149123,-5.44124842335458,-3.8951372890766187,0,442.4100036621094
2025-11-14 00:00:00+05:00,448.1099853515625,450.8900146484375,441.510009765625,442.4100036621094,997259,447.7810028076172,460.6284826660156,48.59925347041872,-5.04661829543511,-4.125433490348318,0,432.6300048828125
2025-11-17 00:00:00+05:00,445.1000061035156,447.8999938964844,431.0,432.6300048828125,1116466,446.2900024414063,459.7898583984375,40.184440684014945,-5.46009466996702,-4.392365726272058,0,430.239990234375
2025-11-18 00:00:00+05:00,435.989990234375,436.0,425.0,430.239990234375,1244144,444.6815017700195,458.85504272460935,43.59301733778126,-5.912476534561449,-4.696387887929936,0,428.0799865722656
2025-11-19 00:00:00+05:00,430.239990234375,434.5,426.9100036621094,428.0799865722656,911237,443.093000793457,457.83339599609377,40.34822424249821,-6.371836104830038,-5.031477531309957,1,429.7799987792969
2025-11-20 00:00:00+05:00,430.0,432.8900146484375,426.1000061035156,429.7799987792969,644548,441.99300079345704,456.89671813964844,31.247682084946277,-6.523506177786373,-5.32988326060524,0,428.4200134277344
2025-11-21 00:00:00+05:00,431.0,435.0,426.5,428.4200134277344,838510,440.7980010986328,456.06115661621095,30.684335964166365,-6.676482916235329,-5.599203191731259,0,426.9800109863281
2025-11-24 00:00:00+05:00,428.010009765625,431.0,421.8699951171875,426.9800109863281,984016,439.88700103759766,455.14880126953125,32.15112742827765,-6.8351232004743565,-5.846387193479878,1,430.5299987792969
2025-11-25 00:00:00+05:00,428.1000061035156,433.4500122070313,423.0,430.5299987792969,606817,438.7815002441406,454.28900146484375,41.62903291789469,-6.598330970163033,-5.996775948816509,1,436.7000122070313
2025-11-26 00:00:00+05:00,427.5,440.0,423.5,436.7000122070313,1197282,438.5025009155273,453.4118017578125,47.95693670048851,-5.845420533716265,-5.966504865796461,1,451.5799865722656
2025-11-27 00:00:00+05:00,438.0700073242188,457.0,438.0,451.5799865722656,1937982,438.7850006103516,452.7544012451172,56.73627969982531,-4.001912458547281,-5.573586384346625,1,458.239990234375
2025-11-28 00:00:00+05:00,453.5,460.4800109863281,452.0,458.239990234375,1906835,438.70350036621096,452.1594012451172,59.11948415961666,-1.980680341610821,-4.855005175799465,1,465.3500061035156
2025-12-01 00:00:00+05:00,464.0,469.0,455.0,465.3500061035156,2448671,438.975,451.81840148925784,69.61482631040649,0.19265868363112304,-3.845472403913347,1,476.7099914550781
2025-12-02 00:00:00+05:00,468.989990234375,481.3999938964844,463.25,476.7099914550781,4149100,440.07249908447267,451.7046014404297,77.9724406111732,2.7994312963112975,-2.5164916638684183,0,471.1300048828125
2025-12-03 00:00:00+05:00,480.0,480.0,466.0,471.1300048828125,973670,441.5279998779297,451.63060180664064,66.2501734623959,4.3647450264491,-1.1402443258049146,1,471.4400024414063
2025-12-04 00:00:00+05:00,469.0,472.9800109863281,465.0,471.4400024414063,568533,443.1169998168945,451.767001953125,69.49631022099325,5.5661188934653865,0.20102831804914567,1,475.6000061035156
2025-12-05 00:00:00+05:00,478.0,478.0,468.010009765625,475.6000061035156,1475173,444.9050003051758,451.86780212402346,81.21459363905896,6.775786814817764,1.5159800174028693,1,476.05999755859375
2025-12-08 00:00:00+05:00,475.0,477.9800109863281,471.5,476.05999755859375,755301,446.6369995117187,452.047001953125,84.24516622281585,7.68300986853518,2.7493859876293314,1,485.9200134277344
2025-12-09 00:00:00+05:00,479.4500122070313,488.7000122070313,473.489990234375,485.9200134277344,1639272,449.4020004272461,452.24760192871094,88.76678671887656,9.092795465783297,4.018067883260125,1,497.2799987792969
2025-12-10 00:00:00+05:00,485.9200134277344,504.0,485.2699890136719,497.2799987792969,2634361,453.0490005493164,452.6118017578125,90.05461729861682,10.999916398045002,5.414437586217101,0,487.239990234375
2025-12-11 00:00:00+05:00,495.0,496.0,484.5199890136719,487.239990234375,1026336,455.1160003662109,452.91380126953123,81.64406852567612,11.56783192944664,6.645116454863009,1,488.8200073242188
2025-12-12 00:00:00+05:00,487.239990234375,492.7699890136719,481.0,488.8200073242188,761289,457.4365005493165,453.2078015136719,83.21873939564827,12.00699410019672,7.717491983929752,0,488.6000061035156
2025-12-15 00:00:00+05:00,490.0,496.0,487.0199890136719,488.6000061035156,697626,460.2350006103517,453.5668017578125,82.35097901070678,12.196685229472564,8.613330633038315,0,488.2999877929688
